,itest_id,0,1,2,3,4,5,6,7,8,9,10,11,12,13,14,15,16,17,18,19,20,21,22,23,24,25,26,27,28,29,30,31,32,33,34,35,36,37,38,39,40,41,42,43,44,45,46,47,48,49,isstem
0,35,4.0,5.0,0.0,0.0,0.0,0.0,3.0,0.0,139.0,0.0,0.0,0.0,0.0,0.0,0.0,0.0,0.0,149.0,131.0,0.0,0.0,24.0,0.0,0.0,65.0,0.0,0.0,15.0,0.0,0.0,0.0,0.0,57.0,11.0,0.0,3.0,137.0,0.0,0.0,0.0,0.0,0.0,172.0,0.0,0.0,0.0,0.0,0.0,78.0,0.0,0.0
993,77,1.0,0.0,0.0,0.0,0.0,0.0,17.0,0.0,48.0,0.0,0.0,0.0,0.0,96.0,0.0,0.0,42.0,0.0,0.0,0.0,0.0,5.0,0.0,0.0,45.0,0.0,0.0,2.0,0.0,0.0,0.0,0.0,7.0,1.0,0.0,0.0,0.0,0.0,0.0,0.0,0.0,0.0,31.0,0.0,0.0,0.0,0.0,0.0,22.0,0.0,0.0
1310,126,8.0,15.0,0.0,0.0,0.0,0.0,0.0,0.0,0.0,0.0,0.0,0.0,0.0,15.0,0.0,0.0,0.0,81.0,23.0,0.0,0.0,4.0,0.0,0.0,79.0,0.0,0.0,5.0,0.0,0.0,0.0,0.0,44.0,3.0,0.0,0.0,47.0,0.0,0.0,0.0,0.0,0.0,82.0,0.0,0.0,0.0,0.0,0.0,0.0,0.0,0.0
1716,205,0.0,6.0,0.0,0.0,0.0,0.0,42.0,0.0,82.0,0.0,0.0,0.0,0.0,0.0,0.0,0.0,3.0,114.0,76.0,0.0,0.0,1.0,0.0,0.0,0.0,0.0,0.0,14.0,0.0,0.0,0.0,0.0,39.0,15.0,0.0,25.0,99.0,0.0,0.0,0.0,0.0,0.0,61.0,0.0,0.0,0.0,0.0,0.0,0.0,0.0,0.0
2293,283,0.0,21.0,0.0,0.0,0.0,1.0,33.0,0.0,80.0,0.0,0.0,0.0,0.0,0.0,0.0,0.0,0.0,165.0,201.0,0.0,0.0,0.0,0.0,0.0,0.0,0.0,0.0,25.0,0.0,0.0,0.0,0.0,117.0,3.0,0.0,3.0,107.0,0.0,0.0,0.0,0.0,0.0,296.0,0.0,0.0,0.0,0.0,0.0,159.0,0.0,0.0
3504,360,9.0,19.0,0.0,0.0,0.0,0.0,77.0,0.0,67.0,0.0,0.0,0.0,0.0,75.0,0.0,0.0,0.0,238.0,88.0,0.0,0.0,5.0,0.0,0.0,79.0,0.0,0.0,22.0,0.0,0.0,0.0,0.0,52.0,21.0,0.0,8.0,129.0,0.0,0.0,0.0,0.0,0.0,119.0,0.0,0.0,0.0,0.0,0.0,160.0,0.0,0.0
4672,391,0.0,9.0,0.0,0.0,0.0,0.0,39.0,0.0,207.0,0.0,0.0,0.0,0.0,0.0,0.0,0.0,0.0,489.0,0.0,0.0,0.0,2.0,0.0,0.0,0.0,0.0,0.0,10.0,0.0,0.0,0.0,0.0,0.0,0.0,0.0,8.0,158.0,0.0,0.0,0.0,0.0,0.0,380.0,0.0,0.0,0.0,0.0,0.0,0.0,0.0,0.0
5974,473,4.0,6.0,0.0,134.0,0.0,0.0,40.0,0.0,127.0,0.0,0.0,0.0,0.0,0.0,0.0,0.0,59.0,0.0,0.0,0.0,0.0,5.0,0.0,0.0,0.0,0.0,0.0,1.0,0.0,0.0,0.0,0.0,96.0,0.0,0.0,4.0,0.0,0.0,0.0,0.0,0.0,0.0,147.0,0.0,0.0,0.0,0.0,0.0,101.0,0.0,0.0
6698,476,8.0,20.0,0.0,213.0,0.0,0.0,90.0,0.0,160.0,0.0,0.0,0.0,0.0,0.0,0.0,0.0,180.0,0.0,141.0,0.0,0.0,23.0,0.0,0.0,90.0,0.0,0.0,22.0,0.0,0.0,0.0,0.0,143.0,12.0,0.0,7.0,0.0,0.0,0.0,0.0,0.0,0.0,205.0,0.0,0.0,0.0,0.0,0.0,0.0,0.0,0.0
8012,621,1.0,6.0,0.0,0.0,0.0,0.0,7.0,0.0,34.0,0.0,0.0,0.0,0.0,0.0,0.0,0.0,0.0,60.0,108.0,0.0,0.0,4.0,0.0,0.0,36.0,0.0,0.0,14.0,0.0,0.0,0.0,0.0,62.0,10.0,0.0,1.0,69.0,0.0,0.0,0.0,0.0,0.0,127.0,0.0,0.0,0.0,0.0,0.0,120.0,0.0,0.0
8671,636,0.0,1.0,0.0,78.0,0.0,0.0,19.0,0.0,0.0,0.0,0.0,0.0,0.0,0.0,0.0,0.0,16.0,0.0,63.0,0.0,0.0,1.0,0.0,0.0,4.0,0.0,0.0,4.0,0.0,0.0,0.0,0.0,49.0,15.0,0.0,4.0,240.0,0.0,0.0,0.0,0.0,0.0,19.0,0.0,0.0,0.0,0.0,0.0,52.0,0.0,0.0
9236,661,0.0,0.0,0.0,0.0,0.0,0.0,0.0,0.0,0.0,0.0,0.0,0.0,0.0,0.0,0.0,0.0,0.0,0.0,0.0,0.0,3.0,0.0,0.0,0.0,0.0,0.0,0.0,0.0,0.0,0.0,0.0,0.0,0.0,0.0,0.0,0.0,0.0,0.0,0.0,0.0,0.0,54.0,0.0,0.0,0.0,0.0,0.0,0.0,0.0,71.0,0.0
9364,676,19.0,0.0,0.0,0.0,0.0,0.0,0.0,0.0,158.0,0.0,0.0,0.0,0.0,114.0,0.0,0.0,158.0,0.0,61.0,0.0,0.0,1.0,0.0,0.0,157.0,0.0,0.0,17.0,0.0,0.0,0.0,0.0,6.0,4.0,0.0,0.0,0.0,0.0,0.0,0.0,0.0,0.0,0.0,0.0,0.0,0.0,0.0,0.0,59.0,0.0,0.0
10118,684,1.0,0.0,0.0,148.0,0.0,0.0,60.0,0.0,53.0,0.0,0.0,0.0,0.0,139.0,0.0,0.0,81.0,0.0,63.0,0.0,0.0,9.0,0.0,0.0,87.0,0.0,0.0,6.0,0.0,0.0,0.0,0.0,103.0,12.0,0.0,0.0,0.0,0.0,0.0,0.0,0.0,0.0,82.0,0.0,0.0,0.0,0.0,0.0,39.0,0.0,0.0
11001,688,0.0,0.0,175.0,0.0,0.0,0.0,0.0,137.0,0.0,0.0,0.0,0.0,0.0,0.0,0.0,0.0,0.0,0.0,0.0,41.0,0.0,0.0,0.0,0.0,0.0,0.0,0.0,0.0,4.0,0.0,0.0,0.0,0.0,0.0,0.0,0.0,0.0,0.0,0.0,6.0,0.0,0.0,0.0,0.0,0.0,0.0,0.0,2.0,0.0,0.0,0.0
11366,738,0.0,0.0,0.0,0.0,0.0,0.0,0.0,26.0,0.0,0.0,0.0,0.0,0.0,0.0,0.0,0.0,0.0,0.0,0.0,0.0,0.0,0.0,0.0,0.0,0.0,124.0,0.0,0.0,2.0,0.0,0.0,0.0,0.0,0.0,0.0,0.0,0.0,0.0,0.0,0.0,0.0,0.0,0.0,0.0,0.0,0.0,0.0,0.0,0.0,96.0,0.0
11614,739,0.0,0.0,131.0,0.0,0.0,0.0,0.0,164.0,0.0,0.0,0.0,0.0,0.0,0.0,0.0,0.0,0.0,0.0,0.0,31.0,0.0,0.0,0.0,0.0,0.0,0.0,0.0,0.0,9.0,0.0,0.0,0.0,0.0,0.0,0.0,0.0,0.0,0.0,0.0,12.0,0.0,0.0,0.0,0.0,0.0,0.0,0.0,5.0,0.0,22.0,0.0
11988,747,0.0,0.0,98.0,0.0,0.0,0.0,0.0,94.0,0.0,0.0,0.0,0.0,0.0,0.0,0.0,0.0,0.0,0.0,0.0,24.0,1.0,0.0,0.0,0.0,0.0,0.0,0.0,0.0,3.0,0.0,0.0,0.0,0.0,0.0,0.0,0.0,0.0,0.0,0.0,5.0,0.0,0.0,0.0,0.0,0.0,0.0,0.0,2.0,0.0,42.0,0.0
12257,756,0.0,0.0,90.0,0.0,0.0,0.0,0.0,98.0,0.0,0.0,0.0,0.0,0.0,0.0,0.0,0.0,0.0,0.0,0.0,0.0,0.0,0.0,0.0,0.0,0.0,71.0,0.0,0.0,10.0,0.0,0.0,0.0,0.0,0.0,0.0,0.0,0.0,0.0,0.0,0.0,0.0,0.0,0.0,0.0,0.0,0.0,0.0,1.0,0.0,69.0,0.0
12596,799,0.0,0.0,59.0,0.0,0.0,0.0,0.0,0.0,0.0,0.0,0.0,2.0,0.0,0.0,0.0,0.0,0.0,0.0,0.0,0.0,0.0,0.0,0.0,0.0,0.0,76.0,24.0,0.0,3.0,0.0,0.0,0.0,0.0,0.0,0.0,0.0,0.0,0.0,0.0,0.0,0.0,0.0,0.0,0.0,0.0,0.0,0.0,0.0,0.0,99.0,0.0
12859,808,15.0,23.0,0.0,0.0,0.0,0.0,0.0,0.0,129.0,0.0,0.0,0.0,0.0,0.0,0.0,0.0,0.0,103.0,86.0,0.0,0.0,13.0,0.0,0.0,57.0,0.0,0.0,6.0,0.0,0.0,0.0,0.0,25.0,28.0,0.0,11.0,200.0,0.0,0.0,0.0,0.0,0.0,55.0,0.0,0.0,0.0,0.0,0.0,101.0,0.0,0.0
13711,826,0.0,5.0,0.0,88.0,0.0,0.0,128.0,0.0,0.0,0.0,0.0,0.0,0.0,32.0,0.0,0.0,65.0,38.0,64.0,0.0,0.0,0.0,0.0,0.0,23.0,0.0,0.0,2.0,0.0,0.0,0.0,0.0,49.0,14.0,0.0,7.0,28.0,0.0,0.0,0.0,0.0,0.0,0.0,0.0,0.0,0.0,0.0,0.0,118.0,0.0,0.0
14372,828,1.0,34.0,0.0,0.0,0.0,0.0,33.0,0.0,122.0,0.0,0.0,0.0,0.0,0.0,0.0,0.0,0.0,200.0,141.0,0.0,0.0,9.0,0.0,0.0,74.0,0.0,0.0,39.0,0.0,0.0,0.0,0.0,190.0,10.0,0.0,11.0,128.0,0.0,0.0,0.0,0.0,0.0,329.0,0.0,0.0,0.0,0.0,0.0,169.0,0.0,0.0
15862,832,4.0,64.0,0.0,119.0,0.0,0.0,139.0,0.0,286.0,0.0,0.0,0.0,0.0,0.0,0.0,0.0,0.0,451.0,0.0,0.0,0.0,33.0,0.0,0.0,174.0,0.0,0.0,27.0,0.0,0.0,0.0,0.0,174.0,4.0,0.0,25.0,135.0,0.0,0.0,0.0,0.0,0.0,131.0,0.0,0.0,0.0,0.0,0.0,0.0,0.0,0.0
17628,848,0.0,38.0,0.0,0.0,0.0,0.0,201.0,0.0,222.0,0.0,0.0,0.0,0.0,0.0,0.0,0.0,0.0,0.0,0.0,0.0,0.0,24.0,0.0,0.0,63.0,0.0,0.0,0.0,0.0,0.0,0.0,0.0,0.0,0.0,0.0,0.0,0.0,0.0,0.0,0.0,0.0,0.0,92.0,0.0,0.0,0.0,0.0,0.0,0.0,0.0,0.0
18268,869,0.0,0.0,83.0,0.0,0.0,0.0,0.0,102.0,0.0,0.0,0.0,2.0,0.0,0.0,0.0,0.0,0.0,0.0,0.0,17.0,2.0,0.0,0.0,0.0,0.0,48.0,145.0,0.0,2.0,0.0,0.0,0.0,0.0,0.0,0.0,0.0,0.0,0.0,0.0,0.0,0.0,0.0,0.0,0.0,0.0,0.0,0.0,1.0,0.0,96.0,0.0
18766,887,0.0,0.0,0.0,0.0,0.0,0.0,0.0,40.0,0.0,0.0,0.0,0.0,0.0,0.0,0.0,0.0,0.0,0.0,0.0,0.0,0.0,0.0,0.0,0.0,0.0,124.0,0.0,0.0,18.0,0.0,0.0,0.0,0.0,0.0,0.0,0.0,0.0,0.0,0.0,2.0,0.0,0.0,0.0,0.0,0.0,0.0,2.0,2.0,0.0,130.0,1.0
19084,892,0.0,0.0,0.0,0.0,0.0,0.0,0.0,0.0,0.0,0.0,0.0,2.0,0.0,0.0,0.0,0.0,0.0,0.0,0.0,0.0,0.0,0.0,0.0,0.0,0.0,118.0,60.0,0.0,0.0,0.0,0.0,0.0,0.0,0.0,0.0,0.0,0.0,0.0,0.0,0.0,0.0,0.0,0.0,0.0,0.0,0.0,0.0,0.0,0.0,0.0,1.0
19264,894,0.0,0.0,98.0,0.0,0.0,0.0,0.0,190.0,0.0,0.0,0.0,0.0,0.0,0.0,0.0,0.0,0.0,0.0,0.0,144.0,2.0,0.0,0.0,0.0,0.0,102.0,0.0,0.0,34.0,0.0,0.0,0.0,0.0,0.0,0.0,0.0,0.0,0.0,0.0,10.0,0.0,0.0,0.0,0.0,0.0,0.0,6.0,36.0,0.0,64.0,1.0
19950,898,5.0,24.0,0.0,59.0,0.0,0.0,76.0,0.0,0.0,0.0,0.0,0.0,0.0,104.0,0.0,0.0,134.0,0.0,141.0,0.0,0.0,3.0,0.0,0.0,36.0,0.0,0.0,13.0,0.0,0.0,0.0,0.0,151.0,3.0,0.0,4.0,179.0,0.0,0.0,0.0,0.0,0.0,0.0,0.0,0.0,0.0,0.0,0.0,187.0,0.0,0.0
21069,922,0.0,0.0,65.0,0.0,0.0,0.0,0.0,34.0,0.0,0.0,0.0,0.0,0.0,0.0,0.0,0.0,0.0,0.0,0.0,153.0,2.0,0.0,0.0,0.0,0.0,65.0,0.0,0.0,4.0,0.0,0.0,0.0,0.0,0.0,0.0,0.0,0.0,0.0,0.0,18.0,0.0,0.0,0.0,0.0,0.0,0.0,6.0,2.0,0.0,129.0,0.0
21547,943,0.0,0.0,50.0,0.0,0.0,0.0,0.0,133.0,0.0,0.0,0.0,8.0,0.0,0.0,0.0,0.0,0.0,0.0,0.0,78.0,6.0,0.0,0.0,0.0,0.0,74.0,106.0,0.0,5.0,0.0,0.0,0.0,0.0,0.0,0.0,0.0,0.0,0.0,0.0,11.0,0.0,0.0,0.0,0.0,0.0,0.0,12.0,9.0,0.0,82.0,0.0
22121,964,0.0,0.0,66.0,0.0,0.0,0.0,0.0,67.0,0.0,0.0,0.0,19.0,0.0,0.0,0.0,0.0,0.0,0.0,0.0,99.0,6.0,0.0,0.0,0.0,0.0,0.0,282.0,0.0,0.0,0.0,0.0,0.0,0.0,0.0,0.0,0.0,0.0,0.0,0.0,24.0,0.0,0.0,0.0,0.0,0.0,0.0,0.0,0.0,0.0,115.0,0.0
22799,998,13.0,9.0,0.0,130.0,0.0,1.0,42.0,0.0,0.0,0.0,0.0,0.0,0.0,50.0,0.0,0.0,54.0,81.0,0.0,0.0,0.0,1.0,0.0,0.0,40.0,0.0,0.0,11.0,0.0,0.0,0.0,0.0,256.0,40.0,0.0,9.0,107.0,0.0,0.0,0.0,0.0,0.0,15.0,0.0,0.0,0.0,0.0,0.0,140.0,0.0,0.0
23798,1046,24.0,22.0,0.0,40.0,0.0,0.0,0.0,0.0,0.0,0.0,0.0,0.0,0.0,134.0,0.0,0.0,0.0,134.0,196.0,0.0,0.0,6.0,0.0,0.0,135.0,0.0,0.0,3.0,0.0,0.0,0.0,0.0,0.0,5.0,0.0,9.0,232.0,0.0,0.0,0.0,0.0,0.0,112.0,0.0,0.0,0.0,0.0,0.0,0.0,0.0,0.0
24850,1047,8.0,2.0,0.0,0.0,0.0,0.0,88.0,0.0,0.0,0.0,0.0,0.0,0.0,0.0,0.0,0.0,314.0,0.0,0.0,0.0,0.0,6.0,0.0,0.0,116.0,0.0,0.0,14.0,0.0,0.0,0.0,0.0,0.0,0.0,0.0,0.0,0.0,0.0,0.0,0.0,0.0,0.0,344.0,0.0,0.0,0.0,0.0,0.0,120.0,0.0,1.0
25862,1099,0.0,0.0,0.0,0.0,0.0,0.0,0.0,0.0,0.0,131.0,0.0,0.0,0.0,0.0,0.0,0.0,0.0,0.0,0.0,0.0,5.0,0.0,0.0,0.0,0.0,0.0,0.0,0.0,0.0,0.0,0.0,0.0,0.0,0.0,0.0,0.0,0.0,0.0,0.0,0.0,0.0,0.0,0.0,0.0,82.0,0.0,0.0,0.0,0.0,0.0,0.0
26080,1107,16.0,0.0,0.0,144.0,0.0,0.0,0.0,0.0,0.0,0.0,0.0,0.0,0.0,94.0,0.0,0.0,0.0,112.0,590.0,0.0,0.0,32.0,0.0,0.0,124.0,0.0,0.0,28.0,0.0,0.0,0.0,0.0,404.0,12.0,0.0,26.0,76.0,0.0,0.0,0.0,0.0,0.0,140.0,0.0,0.0,0.0,0.0,0.0,832.0,0.0,1.0
28710,1109,0.0,0.0,0.0,0.0,0.0,0.0,0.0,0.0,0.0,0.0,25.0,0.0,0.0,0.0,0.0,0.0,0.0,0.0,0.0,0.0,2.0,0.0,0.0,67.0,0.0,0.0,0.0,0.0,6.0,0.0,55.0,0.0,0.0,0.0,0.0,0.0,0.0,0.0,0.0,5.0,0.0,0.0,0.0,0.0,36.0,62.0,1.0,5.0,0.0,0.0,0.0
28974,1135,0.0,0.0,0.0,0.0,0.0,0.0,0.0,0.0,0.0,0.0,0.0,1.0,0.0,0.0,0.0,0.0,0.0,0.0,0.0,0.0,1.0,0.0,0.0,175.0,0.0,0.0,0.0,0.0,15.0,0.0,125.0,0.0,0.0,0.0,0.0,0.0,0.0,208.0,0.0,13.0,181.0,0.0,0.0,0.0,61.0,65.0,0.0,14.0,0.0,0.0,1.0
29833,1177,0.0,0.0,0.0,0.0,69.0,0.0,0.0,0.0,0.0,0.0,50.0,0.0,61.0,0.0,36.0,8.0,0.0,0.0,0.0,0.0,0.0,0.0,89.0,82.0,0.0,0.0,0.0,0.0,10.0,18.0,56.0,9.0,0.0,0.0,31.0,0.0,0.0,0.0,42.0,2.0,36.0,0.0,0.0,7.0,0.0,0.0,0.0,19.0,0.0,0.0,0.0
30458,1203,0.0,0.0,0.0,0.0,0.0,0.0,0.0,0.0,0.0,0.0,0.0,0.0,0.0,0.0,0.0,0.0,0.0,0.0,0.0,0.0,0.0,0.0,0.0,0.0,0.0,0.0,0.0,0.0,3.0,0.0,38.0,0.0,0.0,0.0,0.0,0.0,0.0,80.0,0.0,0.0,120.0,0.0,0.0,0.0,44.0,0.0,0.0,4.0,0.0,0.0,0.0
30747,1234,0.0,0.0,0.0,0.0,0.0,0.0,0.0,0.0,0.0,0.0,33.0,0.0,0.0,0.0,0.0,0.0,0.0,0.0,0.0,0.0,0.0,0.0,0.0,46.0,0.0,0.0,0.0,0.0,8.0,0.0,0.0,0.0,0.0,0.0,0.0,0.0,0.0,0.0,0.0,2.0,63.0,0.0,0.0,0.0,0.0,0.0,0.0,8.0,0.0,0.0,0.0
30907,1238,8.0,0.0,0.0,0.0,0.0,0.0,32.0,0.0,66.0,0.0,0.0,0.0,0.0,0.0,0.0,0.0,82.0,0.0,0.0,0.0,0.0,0.0,0.0,0.0,152.0,0.0,0.0,30.0,0.0,0.0,0.0,0.0,0.0,0.0,0.0,0.0,0.0,0.0,0.0,0.0,0.0,0.0,200.0,0.0,0.0,0.0,0.0,0.0,34.0,0.0,1.0
31511,1277,0.0,0.0,0.0,0.0,0.0,0.0,0.0,0.0,0.0,0.0,0.0,0.0,0.0,0.0,0.0,0.0,0.0,0.0,0.0,0.0,0.0,0.0,0.0,0.0,0.0,0.0,0.0,0.0,0.0,0.0,0.0,0.0,0.0,0.0,0.0,0.0,0.0,0.0,0.0,0.0,0.0,0.0,0.0,0.0,55.0,0.0,0.0,0.0,0.0,0.0,0.0
31566,1282,0.0,0.0,0.0,0.0,0.0,0.0,0.0,0.0,0.0,0.0,0.0,0.0,0.0,0.0,0.0,0.0,0.0,0.0,0.0,0.0,0.0,0.0,0.0,48.0,0.0,0.0,0.0,0.0,0.0,0.0,8.0,0.0,0.0,0.0,0.0,0.0,0.0,0.0,0.0,4.0,25.0,0.0,0.0,0.0,0.0,0.0,0.0,1.0,0.0,0.0,0.0
31652,1301,0.0,0.0,0.0,0.0,0.0,0.0,0.0,48.0,0.0,0.0,0.0,0.0,0.0,0.0,0.0,0.0,0.0,0.0,0.0,0.0,1.0,0.0,0.0,0.0,0.0,57.0,65.0,0.0,0.0,0.0,0.0,0.0,0.0,0.0,0.0,0.0,0.0,0.0,0.0,1.0,0.0,0.0,0.0,0.0,0.0,0.0,0.0,0.0,0.0,56.0,0.0
31880,1305,1.0,17.0,0.0,0.0,0.0,0.0,57.0,0.0,0.0,0.0,0.0,0.0,0.0,0.0,0.0,0.0,0.0,112.0,80.0,0.0,0.0,3.0,0.0,0.0,48.0,0.0,0.0,2.0,0.0,0.0,0.0,0.0,84.0,1.0,0.0,7.0,0.0,0.0,0.0,0.0,0.0,0.0,71.0,0.0,0.0,0.0,0.0,0.0,72.0,0.0,0.0
32435,1309,0.0,0.0,0.0,0.0,0.0,0.0,0.0,29.0,0.0,0.0,0.0,1.0,0.0,0.0,0.0,0.0,0.0,0.0,0.0,45.0,0.0,0.0,0.0,0.0,0.0,24.0,23.0,0.0,1.0,0.0,0.0,0.0,0.0,0.0,0.0,0.0,0.0,0.0,0.0,0.0,0.0,0.0,0.0,0.0,0.0,0.0,0.0,0.0,0.0,28.0,1.0
32586,1348,23.0,0.0,0.0,0.0,0.0,0.0,38.0,0.0,61.0,0.0,0.0,0.0,0.0,0.0,0.0,0.0,112.0,0.0,0.0,0.0,0.0,9.0,0.0,0.0,185.0,0.0,0.0,9.0,0.0,0.0,0.0,0.0,15.0,0.0,0.0,0.0,0.0,0.0,0.0,0.0,0.0,0.0,97.0,0.0,0.0,0.0,0.0,0.0,152.0,0.0,0.0
33287,1350,0.0,0.0,111.0,0.0,0.0,0.0,0.0,0.0,0.0,0.0,0.0,9.0,0.0,0.0,0.0,0.0,0.0,0.0,0.0,0.0,0.0,0.0,0.0,0.0,0.0,34.0,128.0,0.0,4.0,0.0,0.0,0.0,0.0,0.0,0.0,0.0,0.0,0.0,0.0,0.0,0.0,0.0,0.0,0.0,0.0,0.0,0.0,0.0,0.0,189.0,0.0
33762,1371,0.0,0.0,51.0,0.0,0.0,0.0,0.0,182.0,0.0,0.0,0.0,4.0,0.0,0.0,0.0,0.0,0.0,0.0,0.0,109.0,9.0,0.0,0.0,0.0,0.0,25.0,111.0,0.0,2.0,0.0,0.0,0.0,0.0,0.0,0.0,0.0,0.0,0.0,0.0,10.0,0.0,0.0,0.0,0.0,0.0,0.0,0.0,15.0,0.0,0.0,0.0
34280,1375,4.0,0.0,0.0,21.0,0.0,0.0,10.0,0.0,0.0,0.0,0.0,0.0,0.0,41.0,0.0,0.0,0.0,0.0,38.0,0.0,0.0,0.0,0.0,0.0,28.0,0.0,0.0,0.0,0.0,0.0,0.0,0.0,43.0,4.0,0.0,1.0,349.0,0.0,0.0,0.0,0.0,0.0,0.0,0.0,0.0,0.0,0.0,0.0,42.0,0.0,0.0
34861,1417,3.0,5.0,0.0,0.0,0.0,0.0,0.0,0.0,0.0,0.0,0.0,0.0,0.0,10.0,0.0,0.0,0.0,30.0,19.0,0.0,0.0,5.0,0.0,0.0,14.0,0.0,0.0,1.0,0.0,0.0,0.0,0.0,101.0,10.0,0.0,6.0,27.0,0.0,0.0,0.0,0.0,0.0,12.0,0.0,0.0,0.0,0.0,0.0,43.0,0.0,0.0
35147,1456,0.0,0.0,0.0,0.0,0.0,0.0,0.0,0.0,0.0,0.0,0.0,0.0,0.0,0.0,0.0,0.0,0.0,0.0,0.0,0.0,0.0,0.0,0.0,0.0,0.0,0.0,64.0,0.0,0.0,0.0,0.0,0.0,0.0,0.0,0.0,0.0,0.0,0.0,0.0,0.0,0.0,0.0,0.0,0.0,0.0,0.0,0.0,0.0,0.0,85.0,0.0
35296,1460,0.0,0.0,102.0,0.0,0.0,0.0,0.0,0.0,0.0,0.0,0.0,8.0,0.0,0.0,0.0,0.0,0.0,0.0,0.0,0.0,0.0,0.0,0.0,0.0,0.0,0.0,47.0,0.0,0.0,0.0,0.0,0.0,0.0,0.0,0.0,0.0,0.0,0.0,0.0,0.0,0.0,0.0,0.0,0.0,0.0,0.0,0.0,0.0,0.0,122.0,0.0
35575,1469,0.0,0.0,149.0,0.0,0.0,0.0,0.0,102.0,0.0,0.0,0.0,0.0,0.0,0.0,0.0,0.0,0.0,0.0,0.0,0.0,0.0,0.0,0.0,0.0,0.0,372.0,0.0,0.0,14.0,0.0,0.0,0.0,0.0,0.0,0.0,0.0,0.0,0.0,0.0,0.0,0.0,0.0,0.0,0.0,0.0,0.0,0.0,1.0,0.0,34.0,0.0
36247,1470,0.0,0.0,0.0,0.0,0.0,0.0,0.0,0.0,0.0,0.0,0.0,0.0,0.0,0.0,0.0,0.0,0.0,0.0,0.0,110.0,0.0,0.0,0.0,0.0,0.0,0.0,0.0,0.0,0.0,0.0,0.0,0.0,0.0,0.0,0.0,0.0,0.0,0.0,0.0,0.0,0.0,0.0,0.0,0.0,0.0,0.0,0.0,0.0,0.0,0.0,0.0
36357,1538,0.0,0.0,115.0,0.0,0.0,0.0,0.0,123.0,0.0,0.0,0.0,0.0,0.0,0.0,0.0,0.0,0.0,0.0,0.0,45.0,0.0,0.0,0.0,0.0,0.0,73.0,0.0,0.0,5.0,0.0,0.0,0.0,0.0,0.0,0.0,0.0,0.0,0.0,0.0,7.0,0.0,0.0,0.0,0.0,0.0,0.0,0.0,8.0,0.0,61.0,0.0
36794,1551,0.0,0.0,0.0,0.0,159.0,0.0,0.0,70.0,0.0,0.0,0.0,0.0,118.0,0.0,157.0,24.0,0.0,0.0,0.0,0.0,0.0,0.0,125.0,0.0,0.0,55.0,0.0,0.0,2.0,5.0,0.0,5.0,0.0,0.0,137.0,0.0,0.0,0.0,62.0,0.0,0.0,0.0,0.0,28.0,0.0,0.0,0.0,0.0,0.0,50.0,0.0
37791,1572,10.0,14.0,0.0,0.0,0.0,0.0,0.0,0.0,53.0,0.0,0.0,0.0,0.0,0.0,0.0,0.0,0.0,139.0,84.0,0.0,0.0,8.0,0.0,0.0,26.0,0.0,0.0,18.0,0.0,0.0,0.0,0.0,76.0,8.0,0.0,8.0,83.0,0.0,0.0,0.0,0.0,0.0,197.0,0.0,0.0,0.0,0.0,0.0,99.0,0.0,1.0
38614,1598,0.0,0.0,25.0,0.0,0.0,0.0,0.0,138.0,0.0,0.0,0.0,0.0,0.0,0.0,0.0,0.0,0.0,0.0,0.0,31.0,1.0,0.0,0.0,0.0,0.0,58.0,0.0,0.0,22.0,0.0,0.0,0.0,0.0,0.0,0.0,0.0,0.0,0.0,0.0,11.0,0.0,0.0,0.0,0.0,0.0,0.0,0.0,20.0,0.0,94.0,0.0
39014,1621,0.0,0.0,0.0,0.0,0.0,0.0,0.0,76.0,0.0,0.0,0.0,0.0,0.0,0.0,0.0,0.0,0.0,0.0,0.0,0.0,0.0,0.0,0.0,0.0,0.0,284.0,0.0,0.0,36.0,0.0,0.0,0.0,0.0,0.0,0.0,0.0,0.0,0.0,0.0,12.0,0.0,0.0,0.0,0.0,0.0,0.0,4.0,0.0,0.0,160.0,1.0
39586,1658,0.0,0.0,0.0,0.0,0.0,0.0,0.0,40.0,0.0,0.0,0.0,0.0,0.0,0.0,0.0,0.0,0.0,0.0,0.0,66.0,20.0,0.0,0.0,0.0,0.0,48.0,305.0,0.0,0.0,0.0,0.0,0.0,0.0,0.0,0.0,0.0,0.0,0.0,0.0,0.0,0.0,0.0,0.0,0.0,0.0,0.0,0.0,0.0,0.0,0.0,0.0
40065,1670,0.0,0.0,0.0,0.0,0.0,0.0,0.0,0.0,0.0,0.0,0.0,0.0,0.0,0.0,0.0,0.0,0.0,0.0,0.0,43.0,5.0,0.0,0.0,0.0,0.0,74.0,316.0,0.0,0.0,0.0,0.0,0.0,0.0,0.0,0.0,0.0,0.0,0.0,0.0,0.0,0.0,0.0,0.0,0.0,0.0,0.0,0.0,0.0,0.0,0.0,0.0
40503,1684,0.0,0.0,20.0,0.0,0.0,0.0,0.0,24.0,0.0,0.0,0.0,2.0,0.0,0.0,0.0,0.0,0.0,0.0,0.0,29.0,1.0,0.0,0.0,0.0,0.0,26.0,0.0,0.0,1.0,0.0,0.0,0.0,0.0,0.0,0.0,0.0,0.0,0.0,0.0,0.0,0.0,0.0,0.0,0.0,0.0,0.0,1.0,1.0,0.0,39.0,0.0
40647,1707,0.0,0.0,0.0,0.0,0.0,0.0,0.0,0.0,0.0,0.0,0.0,0.0,0.0,0.0,0.0,0.0,0.0,0.0,0.0,82.0,3.0,0.0,0.0,0.0,0.0,0.0,145.0,0.0,0.0,0.0,0.0,0.0,0.0,0.0,0.0,0.0,0.0,0.0,0.0,0.0,0.0,0.0,0.0,0.0,0.0,0.0,0.0,0.0,0.0,0.0,0.0
40877,1723,0.0,0.0,64.0,0.0,0.0,0.0,0.0,0.0,0.0,0.0,0.0,2.0,0.0,0.0,0.0,0.0,0.0,0.0,0.0,0.0,0.0,0.0,0.0,0.0,0.0,98.0,25.0,0.0,0.0,0.0,0.0,0.0,0.0,0.0,0.0,0.0,0.0,0.0,0.0,0.0,0.0,0.0,0.0,0.0,0.0,0.0,0.0,0.0,0.0,0.0,0.0
41066,1765,0.0,0.0,0.0,0.0,0.0,0.0,0.0,41.0,0.0,0.0,0.0,0.0,0.0,0.0,0.0,0.0,0.0,0.0,0.0,0.0,0.0,0.0,0.0,0.0,0.0,96.0,0.0,0.0,8.0,0.0,0.0,0.0,0.0,0.0,0.0,0.0,0.0,0.0,0.0,1.0,0.0,0.0,0.0,0.0,0.0,0.0,0.0,2.0,0.0,52.0,0.0
41266,1788,0.0,0.0,66.0,0.0,0.0,0.0,0.0,105.0,0.0,0.0,0.0,2.0,0.0,0.0,0.0,0.0,0.0,0.0,0.0,32.0,6.0,0.0,0.0,0.0,0.0,39.0,91.0,0.0,1.0,0.0,0.0,0.0,0.0,0.0,0.0,0.0,0.0,0.0,0.0,1.0,0.0,0.0,0.0,0.0,0.0,0.0,13.0,0.0,0.0,32.0,1.0
41654,1824,0.0,0.0,80.0,0.0,0.0,0.0,0.0,127.0,0.0,0.0,0.0,8.0,0.0,0.0,0.0,0.0,0.0,0.0,0.0,0.0,15.0,0.0,0.0,0.0,0.0,64.0,118.0,0.0,6.0,0.0,0.0,0.0,0.0,0.0,0.0,0.0,0.0,0.0,0.0,8.0,0.0,0.0,0.0,0.0,0.0,0.0,1.0,15.0,0.0,0.0,0.0
42096,1851,0.0,0.0,0.0,0.0,0.0,0.0,0.0,54.0,0.0,0.0,0.0,0.0,0.0,0.0,0.0,0.0,0.0,0.0,0.0,0.0,0.0,0.0,0.0,0.0,0.0,140.0,0.0,0.0,4.0,0.0,0.0,0.0,0.0,0.0,0.0,0.0,0.0,0.0,0.0,0.0,0.0,0.0,0.0,0.0,0.0,0.0,0.0,0.0,0.0,54.0,1.0
42348,1867,0.0,0.0,0.0,0.0,0.0,0.0,0.0,88.0,0.0,0.0,0.0,0.0,0.0,0.0,0.0,0.0,0.0,0.0,0.0,0.0,0.0,0.0,0.0,0.0,0.0,190.0,0.0,0.0,4.0,0.0,0.0,0.0,0.0,0.0,0.0,0.0,0.0,0.0,0.0,2.0,0.0,0.0,0.0,0.0,0.0,0.0,0.0,0.0,0.0,124.0,1.0
42756,1877,0.0,0.0,97.0,0.0,0.0,0.0,0.0,48.0,0.0,0.0,0.0,0.0,0.0,0.0,0.0,0.0,0.0,0.0,0.0,0.0,1.0,0.0,0.0,0.0,0.0,79.0,0.0,0.0,9.0,0.0,0.0,0.0,0.0,0.0,0.0,0.0,0.0,0.0,0.0,7.0,0.0,63.0,0.0,0.0,0.0,0.0,0.0,3.0,0.0,141.0,0.0
43204,1881,0.0,0.0,55.0,0.0,0.0,0.0,0.0,56.0,0.0,0.0,0.0,24.0,0.0,0.0,0.0,0.0,0.0,0.0,0.0,64.0,14.0,0.0,0.0,0.0,0.0,0.0,170.0,0.0,0.0,0.0,0.0,0.0,0.0,0.0,0.0,0.0,0.0,0.0,0.0,20.0,0.0,0.0,0.0,0.0,0.0,0.0,0.0,0.0,0.0,84.0,0.0
43691,1884,0.0,0.0,0.0,0.0,0.0,0.0,0.0,25.0,0.0,0.0,0.0,0.0,0.0,0.0,0.0,0.0,0.0,0.0,0.0,0.0,0.0,0.0,0.0,0.0,0.0,114.0,0.0,0.0,6.0,0.0,0.0,0.0,0.0,0.0,0.0,0.0,0.0,0.0,0.0,0.0,0.0,0.0,0.0,0.0,0.0,0.0,0.0,0.0,0.0,74.0,0.0
43910,1892,0.0,0.0,0.0,0.0,0.0,0.0,0.0,3.0,0.0,0.0,0.0,3.0,0.0,0.0,0.0,0.0,0.0,0.0,0.0,52.0,5.0,0.0,0.0,0.0,0.0,56.0,682.0,0.0,0.0,0.0,0.0,0.0,0.0,0.0,0.0,0.0,0.0,0.0,0.0,5.0,0.0,0.0,0.0,0.0,0.0,0.0,0.0,0.0,0.0,18.0,0.0
44734,1896,0.0,0.0,22.0,0.0,0.0,0.0,0.0,60.0,0.0,0.0,0.0,1.0,0.0,0.0,0.0,0.0,0.0,0.0,0.0,0.0,1.0,0.0,0.0,0.0,0.0,30.0,25.0,0.0,0.0,0.0,0.0,0.0,0.0,0.0,0.0,0.0,0.0,0.0,0.0,1.0,0.0,0.0,0.0,0.0,0.0,0.0,0.0,1.0,0.0,0.0,0.0
44875,1915,0.0,0.0,73.0,0.0,0.0,0.0,0.0,0.0,0.0,0.0,0.0,0.0,0.0,0.0,0.0,0.0,0.0,0.0,0.0,0.0,0.0,0.0,0.0,0.0,0.0,127.0,0.0,0.0,3.0,0.0,0.0,0.0,0.0,0.0,0.0,0.0,0.0,0.0,0.0,0.0,0.0,47.0,0.0,0.0,0.0,0.0,0.0,0.0,0.0,0.0,0.0
45125,1951,0.0,0.0,93.0,0.0,0.0,0.0,0.0,12.0,0.0,0.0,0.0,9.0,0.0,0.0,0.0,0.0,0.0,0.0,0.0,29.0,5.0,0.0,0.0,0.0,0.0,68.0,64.0,0.0,2.0,0.0,0.0,0.0,0.0,0.0,0.0,0.0,0.0,0.0,0.0,0.0,0.0,0.0,0.0,0.0,0.0,0.0,3.0,0.0,0.0,31.0,1.0
45441,1962,0.0,0.0,86.0,0.0,0.0,0.0,0.0,77.0,0.0,0.0,0.0,5.0,0.0,0.0,0.0,0.0,0.0,0.0,0.0,55.0,2.0,0.0,0.0,0.0,0.0,56.0,0.0,0.0,0.0,0.0,0.0,0.0,0.0,0.0,0.0,0.0,0.0,0.0,0.0,3.0,0.0,0.0,0.0,0.0,0.0,0.0,0.0,2.0,0.0,91.0,0.0
45818,2042,0.0,0.0,0.0,0.0,46.0,0.0,0.0,32.0,0.0,0.0,0.0,0.0,68.0,0.0,51.0,16.0,0.0,0.0,0.0,0.0,0.0,0.0,126.0,0.0,0.0,225.0,0.0,0.0,14.0,18.0,0.0,4.0,0.0,0.0,83.0,0.0,0.0,0.0,48.0,2.0,0.0,0.0,0.0,3.0,0.0,0.0,0.0,4.0,0.0,96.0,0.0
46654,2115,0.0,0.0,172.0,0.0,0.0,0.0,0.0,158.0,0.0,0.0,0.0,2.0,0.0,0.0,0.0,0.0,0.0,0.0,0.0,0.0,10.0,0.0,0.0,0.0,0.0,184.0,38.0,0.0,4.0,0.0,0.0,0.0,0.0,0.0,0.0,0.0,0.0,0.0,0.0,4.0,0.0,0.0,0.0,0.0,0.0,0.0,0.0,4.0,0.0,0.0,1.0
47230,2156,0.0,0.0,0.0,0.0,0.0,0.0,0.0,0.0,0.0,0.0,0.0,0.0,0.0,0.0,0.0,0.0,0.0,0.0,0.0,41.0,0.0,0.0,0.0,0.0,0.0,107.0,0.0,0.0,2.0,0.0,0.0,0.0,0.0,0.0,0.0,0.0,0.0,0.0,0.0,0.0,0.0,0.0,0.0,0.0,0.0,0.0,0.0,2.0,0.0,111.0,0.0
47493,2222,0.0,0.0,92.0,0.0,0.0,0.0,0.0,171.0,0.0,0.0,0.0,12.0,0.0,0.0,0.0,0.0,0.0,0.0,0.0,44.0,4.0,0.0,0.0,0.0,0.0,65.0,103.0,0.0,1.0,0.0,0.0,0.0,0.0,0.0,0.0,0.0,0.0,0.0,0.0,7.0,0.0,0.0,0.0,0.0,0.0,0.0,0.0,2.0,0.0,160.0,0.0
48154,2233,0.0,0.0,39.0,0.0,0.0,0.0,0.0,15.0,0.0,0.0,0.0,1.0,0.0,0.0,0.0,0.0,0.0,0.0,0.0,62.0,5.0,0.0,0.0,0.0,0.0,26.0,0.0,0.0,1.0,0.0,0.0,0.0,0.0,0.0,0.0,0.0,0.0,0.0,0.0,0.0,0.0,0.0,0.0,0.0,0.0,0.0,6.0,5.0,0.0,21.0,0.0
48335,2343,0.0,0.0,0.0,0.0,0.0,0.0,0.0,57.0,0.0,0.0,0.0,0.0,0.0,0.0,0.0,0.0,0.0,0.0,0.0,0.0,2.0,0.0,0.0,0.0,0.0,50.0,2.0,0.0,0.0,0.0,0.0,0.0,0.0,0.0,0.0,0.0,0.0,0.0,0.0,0.0,0.0,0.0,0.0,0.0,0.0,0.0,0.0,1.0,0.0,0.0,0.0
48447,2370,0.0,0.0,0.0,0.0,0.0,0.0,0.0,0.0,0.0,0.0,0.0,0.0,0.0,0.0,0.0,0.0,0.0,0.0,0.0,96.0,0.0,0.0,0.0,0.0,0.0,0.0,0.0,0.0,0.0,0.0,0.0,0.0,0.0,0.0,0.0,0.0,0.0,0.0,0.0,0.0,0.0,0.0,0.0,0.0,0.0,0.0,0.0,0.0,0.0,0.0,0.0
48543,2372,0.0,0.0,0.0,0.0,0.0,0.0,0.0,34.0,0.0,0.0,0.0,0.0,0.0,0.0,0.0,0.0,0.0,0.0,0.0,0.0,0.0,0.0,0.0,0.0,0.0,61.0,0.0,0.0,2.0,0.0,0.0,0.0,0.0,0.0,0.0,0.0,0.0,0.0,0.0,0.0,0.0,0.0,0.0,0.0,0.0,0.0,0.0,0.0,0.0,91.0,0.0
48731,2392,0.0,0.0,91.0,0.0,0.0,0.0,0.0,21.0,0.0,0.0,0.0,3.0,0.0,0.0,0.0,0.0,0.0,0.0,0.0,0.0,0.0,0.0,0.0,0.0,0.0,53.0,2.0,0.0,14.0,0.0,0.0,0.0,0.0,0.0,0.0,0.0,0.0,0.0,0.0,3.0,0.0,0.0,0.0,0.0,0.0,0.0,0.0,3.0,0.0,5.0,0.0
48926,2453,0.0,0.0,126.0,0.0,0.0,0.0,0.0,113.0,0.0,0.0,0.0,0.0,0.0,0.0,0.0,0.0,0.0,0.0,0.0,197.0,1.0,0.0,0.0,0.0,0.0,189.0,0.0,0.0,11.0,0.0,0.0,0.0,0.0,0.0,0.0,0.0,0.0,0.0,0.0,17.0,0.0,0.0,0.0,0.0,0.0,0.0,18.0,18.0,0.0,232.0,1.0
49848,2492,0.0,0.0,0.0,0.0,0.0,0.0,0.0,0.0,0.0,0.0,0.0,0.0,0.0,0.0,0.0,0.0,0.0,0.0,0.0,47.0,1.0,0.0,0.0,0.0,0.0,0.0,107.0,0.0,0.0,0.0,0.0,0.0,0.0,0.0,0.0,0.0,0.0,0.0,0.0,0.0,0.0,0.0,0.0,0.0,0.0,0.0,0.0,0.0,0.0,0.0,0.0
50003,2513,0.0,0.0,67.0,0.0,0.0,0.0,0.0,46.0,0.0,0.0,0.0,0.0,0.0,0.0,0.0,0.0,0.0,0.0,0.0,0.0,0.0,0.0,0.0,0.0,0.0,53.0,0.0,0.0,2.0,0.0,0.0,0.0,0.0,0.0,0.0,0.0,0.0,0.0,0.0,1.0,0.0,0.0,0.0,0.0,0.0,0.0,1.0,1.0,0.0,155.0,0.0
50329,2533,0.0,0.0,0.0,0.0,0.0,0.0,0.0,0.0,0.0,0.0,0.0,0.0,0.0,0.0,0.0,0.0,0.0,0.0,0.0,0.0,7.0,0.0,0.0,0.0,0.0,0.0,0.0,0.0,0.0,0.0,0.0,0.0,0.0,0.0,0.0,0.0,0.0,0.0,0.0,0.0,0.0,38.0,0.0,0.0,0.0,0.0,0.0,0.0,0.0,67.0,0.0
50441,2535,0.0,0.0,123.0,0.0,0.0,0.0,0.0,16.0,0.0,0.0,0.0,0.0,0.0,0.0,0.0,0.0,0.0,0.0,0.0,0.0,0.0,0.0,0.0,0.0,0.0,19.0,0.0,0.0,2.0,0.0,0.0,0.0,0.0,0.0,0.0,0.0,0.0,0.0,0.0,0.0,0.0,8.0,0.0,0.0,0.0,0.0,0.0,17.0,0.0,0.0,0.0
50626,2607,0.0,0.0,362.0,0.0,0.0,0.0,0.0,55.0,0.0,0.0,0.0,31.0,0.0,0.0,0.0,0.0,0.0,0.0,0.0,36.0,21.0,0.0,0.0,0.0,0.0,0.0,1099.0,0.0,0.0,0.0,0.0,0.0,0.0,0.0,0.0,0.0,0.0,0.0,0.0,4.0,0.0,0.0,0.0,0.0,0.0,0.0,0.0,0.0,0.0,163.0,1.0
52397,2614,0.0,0.0,0.0,0.0,0.0,0.0,0.0,49.0,0.0,0.0,0.0,0.0,0.0,0.0,0.0,0.0,0.0,0.0,0.0,0.0,0.0,0.0,0.0,0.0,0.0,176.0,0.0,0.0,27.0,0.0,0.0,0.0,0.0,0.0,0.0,0.0,0.0,0.0,0.0,4.0,0.0,0.0,0.0,0.0,0.0,0.0,1.0,4.0,0.0,68.0,1.0
52726,2620,0.0,0.0,27.0,0.0,0.0,0.0,0.0,86.0,0.0,0.0,0.0,0.0,0.0,0.0,0.0,0.0,0.0,0.0,0.0,50.0,0.0,0.0,0.0,0.0,0.0,33.0,0.0,0.0,2.0,0.0,0.0,0.0,0.0,0.0,0.0,0.0,0.0,0.0,0.0,0.0,0.0,0.0,0.0,0.0,0.0,0.0,0.0,2.0,0.0,21.0,0.0
52947,2691,0.0,0.0,0.0,0.0,0.0,0.0,0.0,0.0,0.0,0.0,0.0,4.0,0.0,0.0,0.0,0.0,0.0,0.0,0.0,0.0,0.0,0.0,0.0,0.0,0.0,53.0,26.0,0.0,0.0,0.0,0.0,0.0,0.0,0.0,0.0,0.0,0.0,0.0,0.0,0.0,0.0,0.0,0.0,0.0,0.0,0.0,0.0,0.0,0.0,0.0,1.0
53030,2697,0.0,0.0,51.0,0.0,0.0,0.0,0.0,80.0,0.0,0.0,0.0,3.0,0.0,0.0,0.0,0.0,0.0,0.0,0.0,56.0,1.0,0.0,0.0,0.0,0.0,35.0,0.0,0.0,0.0,0.0,0.0,0.0,0.0,0.0,0.0,0.0,0.0,0.0,0.0,2.0,0.0,0.0,0.0,0.0,0.0,0.0,0.0,1.0,0.0,106.0,1.0
53365,2830,0.0,0.0,0.0,0.0,0.0,0.0,0.0,21.0,0.0,0.0,0.0,0.0,0.0,0.0,0.0,0.0,0.0,0.0,0.0,0.0,0.0,0.0,0.0,0.0,0.0,54.0,0.0,0.0,5.0,0.0,0.0,0.0,0.0,0.0,0.0,0.0,0.0,0.0,0.0,4.0,0.0,0.0,0.0,0.0,0.0,0.0,1.0,7.0,0.0,43.0,0.0
53500,2839,0.0,0.0,14.0,0.0,0.0,0.0,0.0,18.0,0.0,0.0,0.0,0.0,0.0,0.0,0.0,0.0,0.0,0.0,0.0,50.0,0.0,0.0,0.0,0.0,0.0,15.0,0.0,0.0,1.0,0.0,0.0,0.0,0.0,0.0,0.0,0.0,0.0,0.0,0.0,4.0,0.0,0.0,0.0,0.0,0.0,0.0,0.0,1.0,0.0,13.0,0.0
53616,2865,0.0,0.0,74.0,0.0,0.0,0.0,0.0,34.0,0.0,0.0,0.0,4.0,0.0,0.0,0.0,0.0,0.0,0.0,0.0,142.0,4.0,0.0,0.0,0.0,0.0,30.0,0.0,0.0,4.0,0.0,0.0,0.0,0.0,0.0,0.0,0.0,0.0,0.0,0.0,4.0,0.0,0.0,0.0,0.0,0.0,0.0,0.0,2.0,0.0,102.0,1.0
54016,2866,0.0,0.0,0.0,0.0,0.0,0.0,0.0,0.0,0.0,0.0,0.0,0.0,0.0,0.0,0.0,0.0,0.0,0.0,0.0,0.0,0.0,0.0,0.0,0.0,0.0,154.0,0.0,0.0,3.0,0.0,0.0,0.0,0.0,0.0,0.0,0.0,0.0,0.0,0.0,0.0,0.0,0.0,0.0,0.0,0.0,0.0,0.0,0.0,0.0,135.0,0.0
54308,2887,0.0,0.0,77.0,0.0,0.0,0.0,0.0,135.0,0.0,0.0,0.0,1.0,0.0,0.0,0.0,0.0,0.0,0.0,0.0,33.0,11.0,0.0,0.0,0.0,0.0,42.0,0.0,0.0,1.0,0.0,0.0,0.0,0.0,0.0,0.0,0.0,0.0,0.0,0.0,0.0,0.0,0.0,0.0,0.0,0.0,0.0,0.0,3.0,0.0,56.0,0.0
54667,2923,0.0,0.0,0.0,0.0,170.0,0.0,0.0,130.0,0.0,0.0,0.0,0.0,130.0,0.0,70.0,24.0,0.0,0.0,0.0,0.0,0.0,0.0,244.0,0.0,0.0,104.0,0.0,0.0,4.0,24.0,0.0,2.0,0.0,0.0,166.0,0.0,0.0,0.0,136.0,2.0,0.0,0.0,0.0,8.0,0.0,0.0,0.0,6.0,0.0,132.0,1.0
56019,2939,0.0,0.0,77.0,0.0,0.0,0.0,0.0,46.0,0.0,0.0,0.0,0.0,0.0,0.0,0.0,0.0,0.0,0.0,0.0,0.0,1.0,0.0,0.0,0.0,0.0,52.0,0.0,0.0,4.0,0.0,0.0,0.0,0.0,0.0,0.0,0.0,0.0,0.0,0.0,2.0,0.0,16.0,0.0,0.0,0.0,0.0,5.0,1.0,0.0,134.0,0.0
56357,2969,0.0,0.0,0.0,0.0,0.0,0.0,0.0,29.0,0.0,0.0,0.0,4.0,0.0,0.0,0.0,0.0,0.0,0.0,0.0,0.0,0.0,0.0,0.0,0.0,0.0,83.0,15.0,0.0,0.0,0.0,0.0,0.0,0.0,0.0,0.0,0.0,0.0,0.0,0.0,0.0,0.0,0.0,0.0,0.0,0.0,0.0,0.0,1.0,0.0,0.0,0.0
56489,2998,0.0,0.0,61.0,0.0,0.0,0.0,0.0,204.0,0.0,0.0,0.0,0.0,0.0,0.0,0.0,0.0,0.0,0.0,0.0,25.0,1.0,0.0,0.0,0.0,0.0,8.0,0.0,0.0,11.0,0.0,0.0,0.0,0.0,0.0,0.0,0.0,0.0,0.0,0.0,11.0,0.0,0.0,0.0,0.0,0.0,0.0,0.0,1.0,0.0,165.0,1.0
56976,3098,0.0,0.0,33.0,0.0,0.0,0.0,0.0,13.0,0.0,0.0,0.0,0.0,0.0,0.0,0.0,0.0,0.0,0.0,0.0,0.0,0.0,0.0,0.0,0.0,0.0,35.0,0.0,0.0,4.0,0.0,0.0,0.0,0.0,0.0,0.0,0.0,0.0,0.0,0.0,0.0,0.0,0.0,0.0,0.0,0.0,0.0,0.0,0.0,0.0,0.0,1.0
57061,3159,0.0,0.0,98.0,0.0,0.0,0.0,0.0,108.0,0.0,0.0,0.0,7.0,0.0,0.0,0.0,0.0,0.0,0.0,0.0,150.0,8.0,0.0,0.0,0.0,0.0,91.0,0.0,0.0,1.0,0.0,0.0,0.0,0.0,0.0,0.0,0.0,0.0,0.0,0.0,11.0,0.0,0.0,0.0,0.0,0.0,0.0,0.0,9.0,0.0,186.0,0.0
57730,3171,0.0,0.0,0.0,0.0,0.0,0.0,0.0,26.0,0.0,0.0,0.0,0.0,0.0,0.0,0.0,0.0,0.0,0.0,0.0,0.0,0.0,0.0,0.0,0.0,0.0,78.0,0.0,0.0,14.0,0.0,0.0,0.0,0.0,0.0,0.0,0.0,0.0,0.0,0.0,5.0,0.0,0.0,0.0,0.0,0.0,0.0,1.0,6.0,0.0,41.0,0.0
57901,3195,0.0,0.0,85.0,0.0,0.0,0.0,0.0,216.0,0.0,0.0,0.0,13.0,0.0,0.0,0.0,0.0,0.0,0.0,0.0,193.0,14.0,0.0,0.0,0.0,0.0,356.0,71.0,0.0,28.0,0.0,0.0,0.0,0.0,0.0,0.0,0.0,0.0,0.0,0.0,6.0,0.0,0.0,0.0,0.0,0.0,0.0,5.0,41.0,0.0,165.0,1.0
59094,3198,0.0,0.0,45.0,0.0,0.0,0.0,0.0,81.0,0.0,0.0,0.0,9.0,0.0,0.0,0.0,0.0,0.0,0.0,0.0,77.0,11.0,0.0,0.0,0.0,0.0,21.0,53.0,0.0,5.0,0.0,0.0,0.0,0.0,0.0,0.0,0.0,0.0,0.0,0.0,5.0,0.0,0.0,0.0,0.0,0.0,0.0,5.0,8.0,0.0,0.0,1.0
59414,3206,0.0,0.0,0.0,0.0,55.0,0.0,0.0,21.0,0.0,0.0,0.0,0.0,36.0,0.0,36.0,7.0,0.0,0.0,0.0,0.0,0.0,0.0,71.0,0.0,0.0,122.0,0.0,0.0,10.0,19.0,0.0,1.0,0.0,0.0,62.0,0.0,0.0,0.0,51.0,1.0,0.0,0.0,0.0,3.0,0.0,0.0,0.0,7.0,0.0,62.0,0.0
59978,3256,0.0,0.0,0.0,0.0,0.0,0.0,0.0,0.0,0.0,0.0,0.0,0.0,0.0,0.0,0.0,0.0,0.0,0.0,0.0,0.0,0.0,0.0,0.0,0.0,0.0,0.0,0.0,0.0,0.0,0.0,0.0,0.0,0.0,0.0,0.0,0.0,0.0,0.0,0.0,0.0,0.0,51.0,0.0,0.0,0.0,0.0,0.0,0.0,0.0,82.0,0.0
60111,3259,0.0,0.0,50.0,0.0,0.0,0.0,0.0,52.0,0.0,0.0,0.0,0.0,0.0,0.0,0.0,0.0,0.0,0.0,0.0,0.0,0.0,0.0,0.0,0.0,0.0,47.0,0.0,0.0,2.0,0.0,0.0,0.0,0.0,0.0,0.0,0.0,0.0,0.0,0.0,6.0,0.0,33.0,0.0,0.0,0.0,0.0,3.0,1.0,0.0,109.0,1.0
60414,3280,0.0,0.0,0.0,0.0,99.0,0.0,0.0,54.0,0.0,0.0,0.0,0.0,65.0,0.0,45.0,6.0,0.0,0.0,0.0,0.0,0.0,0.0,93.0,0.0,0.0,39.0,0.0,0.0,4.0,12.0,0.0,0.0,0.0,0.0,44.0,0.0,0.0,0.0,49.0,2.0,0.0,0.0,0.0,2.0,0.0,0.0,0.0,3.0,0.0,33.0,1.0
60964,3282,0.0,0.0,0.0,0.0,0.0,0.0,0.0,0.0,0.0,0.0,0.0,2.0,0.0,0.0,0.0,0.0,0.0,0.0,0.0,0.0,0.0,0.0,0.0,0.0,0.0,81.0,77.0,0.0,0.0,0.0,2.0,0.0,0.0,0.0,0.0,0.0,0.0,0.0,0.0,0.0,0.0,0.0,0.0,0.0,0.0,0.0,0.0,0.0,0.0,0.0,0.0
61126,3300,0.0,0.0,0.0,0.0,0.0,0.0,0.0,54.0,0.0,0.0,0.0,1.0,0.0,0.0,0.0,0.0,0.0,0.0,0.0,0.0,2.0,0.0,0.0,0.0,0.0,13.0,6.0,0.0,0.0,0.0,0.0,0.0,0.0,0.0,0.0,0.0,0.0,0.0,0.0,1.0,0.0,0.0,0.0,0.0,0.0,0.0,0.0,0.0,0.0,21.0,0.0
61224,3331,0.0,0.0,73.0,0.0,0.0,0.0,0.0,113.0,0.0,0.0,0.0,8.0,0.0,0.0,0.0,0.0,0.0,0.0,0.0,0.0,8.0,0.0,0.0,0.0,0.0,139.0,54.0,0.0,5.0,0.0,0.0,0.0,0.0,0.0,0.0,0.0,0.0,0.0,0.0,0.0,0.0,0.0,0.0,0.0,0.0,0.0,1.0,2.0,0.0,0.0,0.0
61627,3386,0.0,0.0,33.0,0.0,0.0,0.0,0.0,0.0,0.0,0.0,0.0,0.0,0.0,0.0,0.0,0.0,0.0,0.0,0.0,0.0,0.0,0.0,0.0,0.0,0.0,39.0,0.0,0.0,2.0,0.0,0.0,0.0,0.0,0.0,0.0,0.0,0.0,0.0,0.0,0.0,0.0,36.0,0.0,0.0,0.0,0.0,0.0,2.0,0.0,0.0,0.0
61739,3392,0.0,0.0,186.0,0.0,0.0,0.0,0.0,65.0,0.0,0.0,0.0,0.0,0.0,0.0,0.0,0.0,0.0,0.0,0.0,0.0,0.0,0.0,0.0,0.0,0.0,210.0,0.0,0.0,8.0,0.0,0.0,0.0,0.0,0.0,0.0,0.0,0.0,0.0,0.0,1.0,0.0,0.0,0.0,0.0,0.0,0.0,0.0,0.0,0.0,73.0,0.0
62282,3435,0.0,0.0,86.0,0.0,0.0,0.0,0.0,70.0,0.0,0.0,0.0,21.0,0.0,0.0,0.0,0.0,0.0,0.0,0.0,19.0,4.0,0.0,0.0,0.0,0.0,31.0,258.0,0.0,1.0,0.0,0.0,0.0,0.0,0.0,0.0,0.0,0.0,0.0,0.0,0.0,0.0,0.0,0.0,0.0,0.0,0.0,2.0,0.0,0.0,69.0,1.0
62843,3436,0.0,0.0,0.0,0.0,0.0,0.0,0.0,0.0,0.0,0.0,0.0,0.0,0.0,0.0,0.0,0.0,0.0,0.0,0.0,47.0,4.0,0.0,0.0,0.0,0.0,0.0,267.0,0.0,0.0,0.0,0.0,0.0,0.0,0.0,0.0,0.0,0.0,0.0,0.0,0.0,0.0,0.0,0.0,0.0,0.0,0.0,0.0,0.0,0.0,0.0,0.0
63161,3441,0.0,0.0,77.0,0.0,0.0,0.0,0.0,0.0,0.0,0.0,0.0,12.0,0.0,0.0,0.0,0.0,0.0,0.0,0.0,0.0,0.0,0.0,0.0,0.0,0.0,66.0,61.0,0.0,10.0,0.0,0.0,0.0,0.0,0.0,0.0,0.0,0.0,0.0,0.0,0.0,0.0,0.0,0.0,0.0,0.0,0.0,0.0,0.0,0.0,177.0,0.0
63564,3445,0.0,0.0,83.0,0.0,0.0,0.0,0.0,0.0,0.0,0.0,0.0,0.0,0.0,0.0,0.0,0.0,0.0,0.0,0.0,0.0,0.0,0.0,0.0,0.0,0.0,67.0,0.0,0.0,10.0,0.0,0.0,0.0,0.0,0.0,0.0,0.0,0.0,0.0,0.0,0.0,0.0,0.0,0.0,0.0,0.0,0.0,0.0,0.0,0.0,109.0,0.0
63833,3463,0.0,0.0,31.0,0.0,0.0,0.0,0.0,24.0,0.0,0.0,0.0,0.0,0.0,0.0,0.0,0.0,0.0,0.0,0.0,104.0,0.0,0.0,0.0,0.0,0.0,49.0,0.0,0.0,4.0,0.0,0.0,0.0,0.0,0.0,0.0,0.0,0.0,0.0,0.0,2.0,0.0,0.0,0.0,0.0,0.0,0.0,0.0,6.0,0.0,89.0,0.0
64142,3465,0.0,0.0,0.0,0.0,0.0,0.0,0.0,41.0,0.0,0.0,0.0,0.0,0.0,0.0,0.0,0.0,0.0,0.0,0.0,0.0,0.0,0.0,0.0,0.0,0.0,106.0,0.0,0.0,11.0,0.0,0.0,0.0,0.0,0.0,0.0,0.0,0.0,0.0,0.0,1.0,0.0,0.0,0.0,0.0,0.0,0.0,0.0,6.0,0.0,56.0,0.0
64363,3497,0.0,0.0,83.0,0.0,0.0,0.0,0.0,46.0,0.0,0.0,0.0,0.0,0.0,0.0,0.0,0.0,0.0,0.0,0.0,0.0,0.0,0.0,0.0,0.0,0.0,35.0,0.0,0.0,5.0,0.0,0.0,0.0,0.0,0.0,0.0,0.0,0.0,0.0,0.0,3.0,0.0,28.0,0.0,0.0,0.0,0.0,0.0,5.0,0.0,0.0,0.0
64568,3508,0.0,0.0,0.0,0.0,0.0,0.0,0.0,7.0,0.0,0.0,0.0,0.0,0.0,0.0,0.0,0.0,0.0,0.0,0.0,0.0,0.0,0.0,0.0,0.0,0.0,130.0,0.0,0.0,2.0,0.0,0.0,0.0,0.0,0.0,0.0,0.0,0.0,0.0,0.0,0.0,0.0,0.0,0.0,0.0,0.0,0.0,0.0,1.0,0.0,79.0,0.0
64787,3515,0.0,0.0,114.0,0.0,0.0,0.0,0.0,135.0,0.0,0.0,0.0,0.0,0.0,0.0,0.0,0.0,0.0,0.0,0.0,100.0,1.0,0.0,0.0,0.0,0.0,117.0,0.0,0.0,26.0,0.0,0.0,0.0,0.0,0.0,0.0,0.0,0.0,0.0,0.0,4.0,0.0,0.0,0.0,0.0,0.0,0.0,1.0,40.0,0.0,111.0,0.0
65436,3539,0.0,0.0,0.0,0.0,53.0,0.0,0.0,43.0,0.0,0.0,0.0,0.0,0.0,0.0,50.0,12.0,0.0,0.0,0.0,0.0,0.0,0.0,142.0,0.0,0.0,195.0,0.0,0.0,11.0,13.0,0.0,0.0,0.0,0.0,99.0,0.0,0.0,0.0,115.0,2.0,0.0,0.0,0.0,3.0,0.0,0.0,0.0,9.0,0.0,87.0,1.0
66270,3559,0.0,0.0,0.0,0.0,67.0,0.0,0.0,18.0,0.0,0.0,0.0,0.0,85.0,0.0,31.0,11.0,0.0,0.0,0.0,0.0,0.0,0.0,60.0,0.0,0.0,73.0,0.0,0.0,14.0,11.0,0.0,2.0,0.0,0.0,75.0,0.0,0.0,0.0,45.0,5.0,0.0,0.0,0.0,14.0,0.0,0.0,0.0,5.0,0.0,61.0,0.0
66847,3567,0.0,0.0,48.0,0.0,0.0,0.0,0.0,56.0,0.0,0.0,0.0,12.0,0.0,0.0,0.0,0.0,0.0,0.0,0.0,134.0,6.0,0.0,0.0,0.0,0.0,0.0,89.0,0.0,0.0,0.0,0.0,0.0,0.0,0.0,0.0,0.0,0.0,0.0,0.0,15.0,0.0,0.0,0.0,0.0,0.0,0.0,0.0,0.0,0.0,81.0,0.0
67288,3609,0.0,0.0,108.0,0.0,744.0,0.0,0.0,148.0,0.0,0.0,0.0,3.0,254.0,0.0,111.0,20.0,0.0,0.0,0.0,0.0,17.0,0.0,271.0,0.0,0.0,216.0,87.0,0.0,14.0,38.0,0.0,3.0,0.0,0.0,539.0,0.0,0.0,0.0,143.0,0.0,0.0,0.0,0.0,21.0,0.0,0.0,0.0,5.0,0.0,0.0,0.0
70030,3684,0.0,0.0,0.0,0.0,0.0,0.0,0.0,9.0,0.0,0.0,0.0,0.0,0.0,0.0,0.0,0.0,0.0,0.0,0.0,0.0,0.0,0.0,0.0,0.0,0.0,99.0,0.0,0.0,4.0,0.0,0.0,0.0,0.0,0.0,0.0,0.0,0.0,0.0,0.0,0.0,0.0,0.0,0.0,0.0,0.0,0.0,0.0,0.0,0.0,41.0,0.0
70183,3688,0.0,0.0,35.0,0.0,0.0,0.0,0.0,22.0,0.0,0.0,0.0,0.0,0.0,0.0,0.0,0.0,0.0,0.0,0.0,0.0,0.0,0.0,0.0,0.0,0.0,22.0,17.0,0.0,1.0,0.0,0.0,0.0,0.0,0.0,0.0,0.0,0.0,0.0,0.0,0.0,0.0,0.0,0.0,0.0,0.0,0.0,0.0,0.0,0.0,22.0,0.0
70302,3700,0.0,0.0,82.0,0.0,0.0,0.0,0.0,51.0,0.0,0.0,0.0,0.0,0.0,0.0,0.0,0.0,0.0,0.0,0.0,17.0,0.0,0.0,0.0,0.0,0.0,0.0,0.0,0.0,1.0,0.0,0.0,0.0,0.0,0.0,0.0,0.0,0.0,0.0,0.0,2.0,0.0,0.0,0.0,0.0,0.0,0.0,0.0,0.0,0.0,0.0,0.0
70455,3708,0.0,0.0,27.0,0.0,0.0,0.0,0.0,32.0,0.0,0.0,0.0,8.0,0.0,0.0,0.0,0.0,0.0,0.0,0.0,5.0,5.0,0.0,0.0,0.0,0.0,29.0,55.0,0.0,1.0,0.0,0.0,0.0,0.0,0.0,0.0,0.0,0.0,0.0,0.0,2.0,0.0,0.0,0.0,0.0,0.0,0.0,0.0,1.0,0.0,70.0,0.0
70690,3788,0.0,0.0,30.0,0.0,0.0,0.0,0.0,57.0,0.0,0.0,0.0,0.0,0.0,0.0,0.0,0.0,0.0,0.0,0.0,48.0,0.0,0.0,0.0,0.0,0.0,19.0,0.0,0.0,1.0,0.0,0.0,0.0,0.0,0.0,0.0,0.0,0.0,0.0,0.0,4.0,0.0,0.0,0.0,0.0,0.0,0.0,0.0,3.0,0.0,31.0,0.0
70883,3860,0.0,0.0,0.0,0.0,0.0,0.0,0.0,46.0,0.0,0.0,0.0,0.0,0.0,0.0,0.0,0.0,0.0,0.0,0.0,0.0,0.0,0.0,0.0,0.0,0.0,120.0,0.0,0.0,18.0,0.0,0.0,0.0,0.0,0.0,0.0,0.0,0.0,0.0,0.0,4.0,0.0,0.0,0.0,0.0,0.0,0.0,20.0,4.0,0.0,48.0,1.0
71143,3892,0.0,0.0,147.0,0.0,0.0,0.0,0.0,38.0,0.0,0.0,0.0,0.0,0.0,0.0,0.0,0.0,0.0,0.0,0.0,118.0,0.0,0.0,0.0,0.0,0.0,114.0,0.0,0.0,13.0,0.0,0.0,0.0,0.0,0.0,0.0,0.0,0.0,0.0,0.0,13.0,0.0,0.0,0.0,0.0,0.0,0.0,22.0,4.0,0.0,241.0,0.0
71853,3921,0.0,0.0,98.0,0.0,0.0,0.0,0.0,68.0,0.0,0.0,0.0,36.0,0.0,0.0,0.0,0.0,0.0,0.0,0.0,142.0,0.0,0.0,0.0,0.0,0.0,104.0,0.0,0.0,20.0,0.0,0.0,0.0,0.0,0.0,0.0,0.0,0.0,0.0,0.0,22.0,0.0,0.0,0.0,0.0,0.0,162.0,2.0,14.0,0.0,226.0,1.0
72747,3967,0.0,0.0,22.0,0.0,0.0,0.0,0.0,42.0,0.0,0.0,0.0,6.0,0.0,0.0,0.0,0.0,0.0,0.0,0.0,28.0,5.0,0.0,0.0,0.0,0.0,22.0,103.0,0.0,3.0,0.0,0.0,0.0,0.0,0.0,0.0,0.0,0.0,0.0,0.0,0.0,0.0,0.0,0.0,0.0,0.0,0.0,2.0,1.0,0.0,25.0,0.0
73006,4042,0.0,0.0,31.0,0.0,0.0,0.0,0.0,27.0,0.0,0.0,0.0,10.0,0.0,0.0,0.0,0.0,0.0,0.0,0.0,127.0,10.0,0.0,0.0,0.0,0.0,54.0,0.0,0.0,8.0,0.0,0.0,0.0,0.0,0.0,0.0,0.0,0.0,0.0,0.0,9.0,0.0,0.0,0.0,0.0,0.0,210.0,1.0,14.0,0.0,116.0,1.0
73623,4062,0.0,0.0,0.0,0.0,0.0,0.0,0.0,0.0,0.0,0.0,0.0,1.0,0.0,0.0,0.0,0.0,0.0,0.0,0.0,0.0,0.0,0.0,0.0,0.0,0.0,39.0,0.0,0.0,0.0,0.0,0.0,0.0,0.0,0.0,0.0,0.0,0.0,0.0,0.0,0.0,0.0,0.0,0.0,0.0,0.0,6.0,0.0,0.0,0.0,17.0,1.0
73686,4103,0.0,0.0,39.0,0.0,0.0,0.0,0.0,38.0,0.0,0.0,0.0,5.0,0.0,0.0,0.0,0.0,0.0,0.0,0.0,0.0,0.0,0.0,0.0,0.0,0.0,16.0,0.0,0.0,1.0,0.0,45.0,0.0,0.0,0.0,0.0,0.0,0.0,0.0,0.0,0.0,0.0,0.0,0.0,0.0,0.0,35.0,0.0,1.0,0.0,0.0,0.0
73866,4145,0.0,0.0,69.0,0.0,0.0,0.0,0.0,55.0,0.0,0.0,0.0,1.0,0.0,0.0,0.0,0.0,0.0,0.0,0.0,16.0,7.0,0.0,0.0,0.0,0.0,33.0,48.0,0.0,1.0,0.0,0.0,0.0,0.0,0.0,0.0,0.0,0.0,0.0,0.0,3.0,0.0,0.0,0.0,0.0,0.0,62.0,0.0,2.0,0.0,51.0,0.0
74214,4165,0.0,0.0,79.0,0.0,0.0,0.0,0.0,75.0,0.0,0.0,0.0,20.0,0.0,0.0,0.0,0.0,0.0,0.0,0.0,8.0,5.0,0.0,0.0,0.0,0.0,48.0,151.0,0.0,2.0,0.0,0.0,0.0,0.0,0.0,0.0,0.0,0.0,0.0,0.0,18.0,0.0,0.0,0.0,0.0,0.0,111.0,1.0,2.0,0.0,115.0,0.0
74849,4226,0.0,0.0,0.0,0.0,0.0,0.0,0.0,76.0,0.0,0.0,0.0,0.0,0.0,0.0,0.0,0.0,0.0,0.0,0.0,0.0,0.0,0.0,0.0,0.0,0.0,82.0,0.0,0.0,36.0,0.0,152.0,0.0,0.0,0.0,0.0,0.0,0.0,0.0,0.0,6.0,0.0,0.0,0.0,0.0,0.0,0.0,0.0,30.0,0.0,76.0,1.0
75307,4239,0.0,0.0,92.0,0.0,0.0,0.0,0.0,174.0,0.0,27.0,0.0,9.0,0.0,0.0,0.0,0.0,0.0,0.0,0.0,85.0,3.0,0.0,0.0,0.0,0.0,0.0,74.0,0.0,1.0,0.0,31.0,0.0,0.0,0.0,0.0,0.0,0.0,0.0,0.0,13.0,0.0,0.0,0.0,0.0,0.0,0.0,0.0,1.0,0.0,99.0,0.0
75916,4302,0.0,0.0,112.0,0.0,0.0,0.0,0.0,90.0,0.0,0.0,24.0,14.0,0.0,0.0,0.0,0.0,0.0,0.0,0.0,104.0,6.0,0.0,0.0,0.0,0.0,0.0,0.0,0.0,4.0,0.0,0.0,0.0,0.0,0.0,0.0,0.0,0.0,0.0,0.0,12.0,0.0,0.0,0.0,0.0,0.0,82.0,42.0,6.0,0.0,0.0,1.0
76412,4337,0.0,0.0,29.0,0.0,0.0,0.0,0.0,47.0,0.0,0.0,0.0,0.0,0.0,0.0,0.0,0.0,0.0,0.0,0.0,23.0,1.0,0.0,0.0,0.0,0.0,0.0,0.0,0.0,2.0,0.0,6.0,0.0,0.0,0.0,0.0,0.0,0.0,0.0,0.0,3.0,0.0,0.0,0.0,0.0,0.0,0.0,0.0,2.0,0.0,53.0,0.0
76578,4375,0.0,0.0,0.0,0.0,0.0,0.0,0.0,35.0,0.0,0.0,25.0,0.0,0.0,0.0,0.0,0.0,0.0,0.0,0.0,0.0,0.0,0.0,0.0,39.0,0.0,0.0,0.0,0.0,1.0,0.0,39.0,0.0,0.0,0.0,0.0,0.0,0.0,0.0,0.0,4.0,0.0,0.0,0.0,0.0,0.0,0.0,0.0,0.0,0.0,0.0,1.0
76721,4426,0.0,0.0,25.0,0.0,0.0,0.0,0.0,0.0,0.0,0.0,0.0,1.0,0.0,0.0,0.0,0.0,0.0,0.0,0.0,0.0,0.0,0.0,0.0,0.0,0.0,0.0,0.0,0.0,0.0,0.0,55.0,0.0,0.0,0.0,0.0,0.0,0.0,0.0,0.0,0.0,0.0,0.0,0.0,0.0,0.0,19.0,0.0,0.0,0.0,0.0,1.0
76821,4518,0.0,0.0,19.0,0.0,0.0,0.0,0.0,0.0,0.0,0.0,13.0,4.0,0.0,0.0,0.0,0.0,0.0,0.0,0.0,99.0,1.0,0.0,0.0,60.0,0.0,0.0,0.0,0.0,21.0,0.0,64.0,0.0,0.0,0.0,0.0,0.0,0.0,76.0,0.0,6.0,57.0,0.0,0.0,0.0,0.0,40.0,4.0,1.0,0.0,12.0,0.0
77298,4621,0.0,0.0,0.0,0.0,0.0,0.0,0.0,0.0,0.0,205.0,18.0,14.0,0.0,0.0,0.0,0.0,0.0,0.0,0.0,83.0,0.0,0.0,0.0,139.0,0.0,0.0,0.0,0.0,7.0,0.0,0.0,0.0,0.0,0.0,0.0,0.0,0.0,103.0,0.0,13.0,164.0,0.0,0.0,0.0,0.0,0.0,6.0,2.0,0.0,0.0,0.0
78052,4622,0.0,0.0,0.0,0.0,63.0,0.0,0.0,0.0,0.0,0.0,29.0,0.0,0.0,0.0,0.0,2.0,0.0,0.0,0.0,0.0,0.0,0.0,0.0,15.0,0.0,0.0,0.0,0.0,18.0,0.0,14.0,0.0,0.0,0.0,0.0,0.0,0.0,0.0,0.0,0.0,16.0,0.0,0.0,0.0,0.0,0.0,0.0,1.0,0.0,0.0,0.0
78210,4646,0.0,0.0,0.0,0.0,0.0,0.0,0.0,0.0,0.0,0.0,65.0,7.0,0.0,0.0,0.0,0.0,0.0,0.0,0.0,0.0,0.0,0.0,0.0,165.0,0.0,0.0,0.0,0.0,2.0,0.0,0.0,0.0,0.0,0.0,0.0,0.0,0.0,0.0,0.0,0.0,0.0,0.0,0.0,0.0,0.0,92.0,0.0,0.0,0.0,0.0,0.0
78541,4659,0.0,0.0,0.0,0.0,0.0,0.0,0.0,0.0,0.0,0.0,42.0,0.0,0.0,0.0,0.0,0.0,0.0,0.0,0.0,0.0,0.0,0.0,0.0,83.0,0.0,0.0,0.0,0.0,9.0,0.0,72.0,0.0,0.0,0.0,0.0,0.0,0.0,0.0,0.0,0.0,0.0,0.0,0.0,0.0,0.0,0.0,0.0,0.0,0.0,0.0,0.0
78747,4663,0.0,0.0,0.0,0.0,0.0,0.0,0.0,0.0,0.0,0.0,0.0,3.0,0.0,0.0,0.0,0.0,0.0,0.0,0.0,54.0,2.0,0.0,0.0,0.0,0.0,0.0,0.0,0.0,5.0,0.0,20.0,0.0,0.0,0.0,0.0,0.0,0.0,18.0,0.0,3.0,15.0,0.0,0.0,0.0,0.0,30.0,0.0,4.0,0.0,0.0,0.0
78901,4665,0.0,0.0,0.0,0.0,0.0,0.0,0.0,0.0,0.0,0.0,0.0,0.0,0.0,0.0,0.0,0.0,0.0,0.0,0.0,146.0,10.0,0.0,0.0,106.0,0.0,0.0,0.0,0.0,24.0,0.0,218.0,0.0,0.0,0.0,0.0,0.0,0.0,90.0,0.0,18.0,128.0,0.0,0.0,0.0,0.0,0.0,0.0,26.0,0.0,0.0,1.0
79667,4667,0.0,0.0,0.0,0.0,0.0,0.0,0.0,0.0,0.0,0.0,19.0,4.0,0.0,0.0,0.0,0.0,0.0,0.0,0.0,61.0,8.0,0.0,0.0,107.0,0.0,0.0,0.0,0.0,6.0,0.0,0.0,0.0,0.0,0.0,0.0,0.0,0.0,55.0,0.0,6.0,0.0,100.0,0.0,0.0,0.0,45.0,5.0,5.0,0.0,0.0,0.0
80088,4675,0.0,0.0,0.0,0.0,0.0,0.0,0.0,0.0,0.0,0.0,0.0,0.0,0.0,0.0,0.0,0.0,0.0,0.0,0.0,3.0,0.0,0.0,0.0,43.0,0.0,0.0,0.0,0.0,2.0,0.0,29.0,0.0,0.0,0.0,0.0,0.0,0.0,54.0,0.0,2.0,46.0,0.0,0.0,0.0,0.0,0.0,0.0,0.0,0.0,0.0,0.0
80267,4819,0.0,0.0,0.0,0.0,0.0,0.0,0.0,0.0,0.0,0.0,0.0,1.0,0.0,0.0,0.0,0.0,0.0,0.0,0.0,0.0,0.0,0.0,0.0,0.0,0.0,0.0,0.0,0.0,0.0,0.0,55.0,0.0,0.0,0.0,0.0,0.0,0.0,0.0,0.0,0.0,24.0,0.0,0.0,0.0,0.0,28.0,0.0,1.0,0.0,0.0,0.0
80376,4830,0.0,0.0,0.0,0.0,0.0,0.0,0.0,0.0,0.0,0.0,0.0,0.0,0.0,0.0,0.0,0.0,0.0,0.0,0.0,0.0,1.0,0.0,0.0,114.0,0.0,0.0,0.0,0.0,0.0,0.0,0.0,0.0,0.0,0.0,0.0,0.0,0.0,59.0,0.0,1.0,0.0,45.0,0.0,0.0,0.0,0.0,0.0,0.0,0.0,0.0,0.0
80596,4915,0.0,0.0,0.0,0.0,0.0,0.0,0.0,0.0,0.0,0.0,0.0,0.0,0.0,0.0,0.0,0.0,0.0,0.0,0.0,0.0,0.0,0.0,0.0,85.0,0.0,0.0,0.0,0.0,0.0,0.0,0.0,0.0,0.0,0.0,0.0,0.0,0.0,59.0,0.0,0.0,0.0,0.0,0.0,0.0,0.0,53.0,0.0,0.0,0.0,0.0,0.0
80793,4953,0.0,0.0,0.0,0.0,0.0,0.0,0.0,0.0,0.0,0.0,94.0,0.0,0.0,0.0,0.0,0.0,0.0,0.0,0.0,0.0,0.0,0.0,0.0,100.0,0.0,0.0,0.0,0.0,15.0,0.0,222.0,0.0,0.0,0.0,0.0,0.0,0.0,0.0,0.0,2.0,105.0,0.0,0.0,0.0,0.0,0.0,7.0,22.0,0.0,0.0,0.0
81360,4962,0.0,0.0,0.0,0.0,0.0,0.0,0.0,0.0,0.0,0.0,0.0,0.0,0.0,0.0,0.0,0.0,0.0,0.0,0.0,0.0,0.0,0.0,0.0,48.0,0.0,0.0,0.0,0.0,7.0,0.0,73.0,0.0,0.0,0.0,0.0,0.0,0.0,61.0,0.0,0.0,102.0,0.0,0.0,0.0,0.0,0.0,0.0,1.0,0.0,0.0,0.0
81652,5078,0.0,0.0,0.0,0.0,0.0,0.0,0.0,0.0,0.0,0.0,71.0,0.0,0.0,0.0,0.0,0.0,0.0,0.0,0.0,0.0,0.0,0.0,0.0,57.0,0.0,0.0,0.0,0.0,33.0,0.0,108.0,0.0,0.0,0.0,0.0,0.0,0.0,0.0,0.0,3.0,56.0,0.0,0.0,0.0,0.0,0.0,2.0,25.0,0.0,0.0,1.0
82007,5122,8.0,17.0,0.0,51.0,0.0,0.0,18.0,0.0,0.0,0.0,0.0,0.0,0.0,22.0,0.0,0.0,91.0,0.0,34.0,0.0,0.0,3.0,0.0,0.0,89.0,0.0,0.0,8.0,0.0,0.0,0.0,0.0,0.0,14.0,0.0,5.0,124.0,0.0,0.0,0.0,0.0,0.0,0.0,0.0,0.0,0.0,0.0,0.0,110.0,0.0,0.0
82601,5132,0.0,0.0,0.0,0.0,0.0,0.0,0.0,0.0,0.0,98.0,23.0,0.0,0.0,0.0,0.0,0.0,0.0,0.0,0.0,0.0,0.0,0.0,0.0,6.0,0.0,0.0,0.0,0.0,1.0,0.0,0.0,0.0,0.0,0.0,0.0,0.0,0.0,5.0,0.0,0.0,60.0,0.0,0.0,0.0,73.0,45.0,5.0,1.0,0.0,0.0,0.0
82918,5155,0.0,0.0,0.0,0.0,0.0,0.0,0.0,0.0,0.0,25.0,0.0,10.0,0.0,0.0,0.0,0.0,0.0,0.0,0.0,0.0,5.0,0.0,0.0,0.0,0.0,0.0,0.0,0.0,4.0,0.0,12.0,0.0,0.0,0.0,0.0,0.0,0.0,15.0,0.0,8.0,59.0,0.0,0.0,0.0,45.0,0.0,3.0,8.0,0.0,0.0,1.0
83112,5179,10.0,0.0,0.0,0.0,0.0,0.0,0.0,0.0,0.0,0.0,0.0,0.0,0.0,18.0,0.0,0.0,0.0,77.0,47.0,0.0,0.0,6.0,0.0,0.0,40.0,0.0,0.0,5.0,0.0,0.0,0.0,0.0,65.0,8.0,0.0,18.0,60.0,0.0,0.0,0.0,0.0,0.0,46.0,0.0,0.0,0.0,0.0,0.0,54.0,0.0,0.0
83566,5201,0.0,0.0,0.0,0.0,0.0,0.0,0.0,0.0,0.0,0.0,83.0,0.0,0.0,0.0,0.0,0.0,0.0,0.0,0.0,0.0,0.0,0.0,0.0,73.0,0.0,0.0,0.0,0.0,5.0,0.0,91.0,0.0,0.0,0.0,0.0,0.0,0.0,0.0,0.0,0.0,50.0,0.0,0.0,0.0,0.0,0.0,0.0,12.0,0.0,0.0,0.0
83880,5212,0.0,0.0,0.0,0.0,0.0,0.0,0.0,0.0,0.0,80.0,0.0,14.0,0.0,0.0,0.0,0.0,0.0,0.0,0.0,0.0,20.0,0.0,0.0,0.0,0.0,0.0,0.0,0.0,9.0,0.0,28.0,0.0,0.0,0.0,0.0,0.0,0.0,65.0,0.0,5.0,172.0,0.0,0.0,0.0,65.0,0.0,3.0,8.0,0.0,0.0,0.0
84349,5231,0.0,0.0,0.0,0.0,0.0,0.0,0.0,0.0,0.0,57.0,0.0,7.0,0.0,0.0,0.0,0.0,0.0,0.0,0.0,0.0,9.0,0.0,0.0,0.0,0.0,0.0,0.0,0.0,5.0,0.0,40.0,0.0,0.0,0.0,0.0,0.0,0.0,38.0,0.0,2.0,88.0,0.0,0.0,0.0,60.0,0.0,5.0,4.0,0.0,0.0,0.0
84664,5250,0.0,0.0,0.0,0.0,0.0,0.0,0.0,0.0,0.0,0.0,56.0,2.0,0.0,0.0,0.0,0.0,0.0,0.0,0.0,0.0,0.0,0.0,0.0,0.0,0.0,0.0,0.0,0.0,2.0,0.0,156.0,0.0,0.0,0.0,0.0,0.0,0.0,242.0,0.0,14.0,72.0,0.0,0.0,0.0,0.0,12.0,0.0,6.0,0.0,0.0,1.0
85226,5265,0.0,0.0,0.0,0.0,0.0,0.0,0.0,0.0,0.0,0.0,51.0,0.0,0.0,0.0,0.0,0.0,0.0,0.0,0.0,0.0,0.0,0.0,0.0,58.0,0.0,0.0,0.0,0.0,12.0,0.0,96.0,0.0,0.0,0.0,0.0,0.0,0.0,0.0,0.0,6.0,55.0,0.0,0.0,0.0,0.0,0.0,4.0,5.0,0.0,0.0,1.0
85513,5267,0.0,0.0,0.0,0.0,0.0,0.0,0.0,0.0,0.0,0.0,67.0,0.0,93.0,0.0,338.0,10.0,0.0,0.0,0.0,0.0,0.0,0.0,130.0,100.0,0.0,0.0,0.0,0.0,14.0,15.0,78.0,16.0,0.0,0.0,161.0,0.0,0.0,0.0,52.0,2.0,27.0,0.0,0.0,31.0,0.0,0.0,0.0,8.0,0.0,0.0,1.0
86655,5295,0.0,0.0,0.0,0.0,214.0,0.0,0.0,0.0,0.0,0.0,88.0,0.0,132.0,0.0,70.0,26.0,0.0,0.0,0.0,0.0,0.0,0.0,294.0,98.0,0.0,0.0,0.0,0.0,8.0,30.0,0.0,8.0,0.0,0.0,228.0,0.0,0.0,0.0,96.0,6.0,58.0,0.0,0.0,24.0,0.0,0.0,0.0,2.0,0.0,0.0,1.0
88037,5332,0.0,0.0,0.0,0.0,0.0,0.0,0.0,0.0,0.0,0.0,0.0,4.0,0.0,0.0,0.0,0.0,0.0,0.0,0.0,0.0,1.0,0.0,0.0,55.0,0.0,0.0,0.0,0.0,1.0,0.0,45.0,0.0,0.0,0.0,0.0,0.0,0.0,45.0,0.0,1.0,114.0,0.0,0.0,0.0,29.0,186.0,0.0,2.0,0.0,0.0,0.0
88520,5347,4.0,16.0,0.0,0.0,0.0,0.0,179.0,0.0,322.0,0.0,0.0,0.0,0.0,160.0,0.0,0.0,20.0,0.0,189.0,0.0,0.0,8.0,0.0,0.0,43.0,0.0,0.0,18.0,0.0,0.0,0.0,0.0,29.0,15.0,0.0,12.0,0.0,0.0,0.0,0.0,0.0,0.0,0.0,0.0,0.0,0.0,0.0,0.0,59.0,0.0,0.0
89594,5361,0.0,0.0,0.0,0.0,0.0,0.0,0.0,0.0,0.0,0.0,36.0,3.0,0.0,0.0,0.0,0.0,0.0,0.0,0.0,0.0,4.0,0.0,0.0,88.0,0.0,0.0,0.0,0.0,0.0,0.0,0.0,0.0,0.0,0.0,0.0,0.0,0.0,0.0,0.0,1.0,38.0,0.0,0.0,0.0,0.0,13.0,0.0,0.0,0.0,0.0,0.0
89777,5363,0.0,0.0,0.0,0.0,0.0,0.0,0.0,0.0,0.0,0.0,49.0,0.0,0.0,0.0,0.0,0.0,0.0,0.0,0.0,0.0,0.0,0.0,0.0,69.0,0.0,0.0,0.0,0.0,4.0,0.0,68.0,0.0,0.0,0.0,0.0,0.0,0.0,0.0,0.0,0.0,19.0,0.0,0.0,0.0,0.0,0.0,0.0,2.0,0.0,0.0,1.0
89988,5387,0.0,0.0,0.0,0.0,0.0,0.0,0.0,0.0,0.0,235.0,0.0,11.0,0.0,0.0,0.0,0.0,0.0,0.0,0.0,0.0,20.0,0.0,0.0,0.0,0.0,0.0,0.0,0.0,6.0,0.0,36.0,0.0,0.0,0.0,0.0,0.0,0.0,80.0,0.0,22.0,367.0,0.0,0.0,0.0,112.0,0.0,1.0,12.0,0.0,0.0,0.0
90890,5389,0.0,0.0,0.0,0.0,0.0,0.0,0.0,0.0,0.0,0.0,120.0,0.0,0.0,0.0,0.0,0.0,0.0,0.0,0.0,0.0,0.0,0.0,0.0,138.0,0.0,0.0,0.0,0.0,30.0,0.0,168.0,0.0,0.0,0.0,0.0,0.0,0.0,0.0,0.0,4.0,86.0,0.0,0.0,0.0,0.0,0.0,0.0,26.0,0.0,0.0,1.0
91462,5407,16.0,5.0,0.0,0.0,0.0,0.0,0.0,0.0,0.0,0.0,0.0,0.0,0.0,0.0,0.0,0.0,56.0,0.0,311.0,0.0,0.0,0.0,0.0,0.0,45.0,0.0,0.0,5.0,0.0,0.0,0.0,0.0,88.0,30.0,0.0,0.0,0.0,0.0,0.0,0.0,0.0,0.0,0.0,0.0,0.0,0.0,0.0,0.0,137.0,0.0,0.0
92155,5417,0.0,0.0,0.0,0.0,0.0,0.0,0.0,0.0,0.0,0.0,150.0,2.0,0.0,0.0,0.0,0.0,0.0,0.0,0.0,0.0,10.0,0.0,0.0,0.0,0.0,0.0,0.0,0.0,20.0,0.0,205.0,0.0,0.0,0.0,0.0,0.0,0.0,95.0,0.0,0.0,134.0,0.0,0.0,0.0,0.0,47.0,0.0,4.0,0.0,0.0,0.0
92822,5419,4.0,0.0,0.0,154.0,0.0,0.0,84.0,0.0,114.0,0.0,0.0,0.0,0.0,76.0,0.0,0.0,26.0,0.0,30.0,0.0,0.0,8.0,0.0,0.0,22.0,0.0,0.0,18.0,0.0,0.0,0.0,0.0,104.0,4.0,0.0,0.0,0.0,0.0,0.0,0.0,0.0,0.0,36.0,0.0,0.0,0.0,0.0,0.0,102.0,0.0,1.0
93604,5442,2.0,4.0,0.0,43.0,0.0,0.0,44.0,0.0,0.0,0.0,0.0,0.0,0.0,57.0,0.0,0.0,25.0,10.0,0.0,0.0,0.0,2.0,0.0,0.0,35.0,0.0,0.0,3.0,0.0,0.0,0.0,0.0,50.0,18.0,0.0,5.0,43.0,0.0,0.0,0.0,0.0,0.0,23.0,0.0,0.0,0.0,0.0,0.0,29.0,0.0,1.0
93997,5444,9.0,0.0,0.0,68.0,0.0,0.0,0.0,0.0,40.0,0.0,0.0,0.0,0.0,29.0,0.0,0.0,0.0,52.0,23.0,0.0,0.0,24.0,0.0,0.0,102.0,0.0,0.0,12.0,0.0,0.0,0.0,0.0,0.0,12.0,0.0,18.0,0.0,0.0,0.0,0.0,0.0,0.0,40.0,0.0,0.0,0.0,0.0,0.0,71.0,0.0,0.0
94497,5467,0.0,0.0,0.0,0.0,0.0,0.0,0.0,0.0,0.0,0.0,0.0,0.0,0.0,0.0,0.0,0.0,0.0,0.0,0.0,0.0,0.0,0.0,0.0,0.0,0.0,0.0,0.0,0.0,0.0,0.0,0.0,0.0,0.0,0.0,0.0,0.0,0.0,0.0,0.0,0.0,0.0,0.0,0.0,0.0,72.0,0.0,0.0,0.0,0.0,0.0,0.0
94569,5517,0.0,0.0,0.0,0.0,0.0,0.0,0.0,0.0,0.0,0.0,62.0,21.0,0.0,0.0,0.0,0.0,0.0,0.0,0.0,0.0,4.0,0.0,0.0,0.0,0.0,0.0,0.0,0.0,14.0,0.0,0.0,0.0,0.0,0.0,0.0,0.0,0.0,201.0,0.0,2.0,77.0,0.0,0.0,0.0,0.0,226.0,8.0,1.0,0.0,0.0,0.0
95185,5537,0.0,0.0,0.0,0.0,0.0,0.0,0.0,0.0,0.0,0.0,48.0,0.0,0.0,0.0,0.0,0.0,0.0,0.0,0.0,0.0,0.0,0.0,0.0,58.0,0.0,0.0,0.0,0.0,4.0,0.0,0.0,0.0,0.0,0.0,0.0,0.0,0.0,0.0,0.0,0.0,35.0,0.0,0.0,0.0,0.0,0.0,0.0,13.0,0.0,0.0,0.0
95343,5554,0.0,0.0,0.0,0.0,0.0,0.0,0.0,0.0,0.0,0.0,110.0,0.0,0.0,0.0,0.0,0.0,0.0,0.0,0.0,0.0,0.0,0.0,0.0,104.0,0.0,0.0,0.0,0.0,40.0,0.0,86.0,0.0,0.0,0.0,0.0,0.0,0.0,0.0,0.0,4.0,32.0,0.0,0.0,0.0,0.0,0.0,0.0,16.0,0.0,0.0,1.0
95735,5597,0.0,0.0,0.0,0.0,0.0,0.0,0.0,0.0,0.0,0.0,0.0,0.0,0.0,0.0,0.0,0.0,0.0,0.0,0.0,0.0,0.0,0.0,0.0,107.0,0.0,0.0,0.0,0.0,6.0,0.0,91.0,0.0,0.0,0.0,0.0,0.0,0.0,0.0,0.0,2.0,57.0,0.0,0.0,0.0,0.0,0.0,0.0,4.0,0.0,0.0,0.0
96002,5653,0.0,0.0,0.0,0.0,0.0,0.0,0.0,0.0,0.0,0.0,29.0,3.0,0.0,0.0,0.0,0.0,0.0,0.0,0.0,0.0,0.0,0.0,0.0,8.0,0.0,0.0,0.0,0.0,1.0,0.0,53.0,0.0,0.0,0.0,0.0,0.0,0.0,41.0,0.0,1.0,0.0,0.0,0.0,0.0,29.0,18.0,0.0,1.0,0.0,0.0,0.0
96186,5663,4.0,0.0,0.0,181.0,0.0,0.0,30.0,0.0,82.0,0.0,0.0,0.0,0.0,45.0,0.0,0.0,0.0,0.0,58.0,0.0,0.0,1.0,0.0,0.0,31.0,0.0,0.0,0.0,0.0,0.0,0.0,0.0,89.0,9.0,0.0,1.0,45.0,0.0,0.0,0.0,0.0,0.0,0.0,0.0,0.0,0.0,0.0,0.0,52.0,0.0,0.0
96814,5673,0.0,5.0,0.0,0.0,0.0,0.0,0.0,0.0,0.0,0.0,0.0,0.0,0.0,0.0,0.0,0.0,0.0,279.0,0.0,0.0,0.0,18.0,0.0,0.0,114.0,0.0,0.0,0.0,0.0,0.0,0.0,0.0,0.0,0.0,0.0,0.0,0.0,0.0,0.0,0.0,0.0,0.0,132.0,0.0,0.0,0.0,0.0,0.0,0.0,0.0,0.0
97362,5705,0.0,0.0,0.0,0.0,0.0,0.0,0.0,0.0,0.0,527.0,2.0,16.0,0.0,0.0,0.0,0.0,0.0,0.0,0.0,0.0,3.0,0.0,0.0,141.0,0.0,0.0,0.0,0.0,3.0,0.0,0.0,0.0,0.0,0.0,0.0,0.0,0.0,120.0,0.0,0.0,0.0,0.0,0.0,0.0,10.0,348.0,0.0,0.0,0.0,0.0,0.0
98532,5736,0.0,0.0,0.0,0.0,0.0,0.0,0.0,0.0,0.0,125.0,0.0,22.0,0.0,0.0,0.0,0.0,0.0,0.0,0.0,0.0,9.0,0.0,0.0,48.0,0.0,0.0,0.0,0.0,0.0,0.0,0.0,0.0,0.0,0.0,0.0,0.0,0.0,69.0,0.0,16.0,72.0,0.0,0.0,0.0,119.0,0.0,0.0,0.0,0.0,0.0,0.0
99012,5745,0.0,0.0,0.0,0.0,0.0,0.0,0.0,0.0,0.0,513.0,30.0,27.0,0.0,0.0,0.0,0.0,0.0,0.0,0.0,0.0,3.0,0.0,0.0,224.0,0.0,0.0,0.0,0.0,4.0,0.0,0.0,0.0,0.0,0.0,0.0,0.0,0.0,106.0,0.0,3.0,14.0,0.0,0.0,0.0,17.0,474.0,6.0,1.0,0.0,0.0,0.0
100434,5767,16.0,110.0,0.0,0.0,0.0,0.0,306.0,0.0,220.0,0.0,0.0,0.0,0.0,124.0,0.0,0.0,226.0,0.0,0.0,0.0,0.0,94.0,0.0,0.0,858.0,0.0,0.0,28.0,0.0,0.0,0.0,0.0,310.0,12.0,0.0,0.0,0.0,0.0,0.0,0.0,0.0,0.0,348.0,0.0,0.0,0.0,0.0,0.0,206.0,0.0,1.0
103292,5774,4.0,0.0,0.0,0.0,0.0,0.0,35.0,0.0,86.0,0.0,0.0,0.0,0.0,121.0,0.0,0.0,64.0,0.0,0.0,0.0,0.0,9.0,0.0,0.0,77.0,0.0,0.0,4.0,0.0,0.0,0.0,0.0,1.0,4.0,0.0,0.0,0.0,0.0,0.0,0.0,0.0,0.0,0.0,0.0,0.0,0.0,0.0,0.0,44.0,0.0,0.0
103741,5776,0.0,0.0,0.0,0.0,0.0,0.0,0.0,0.0,0.0,0.0,0.0,19.0,0.0,0.0,0.0,0.0,0.0,0.0,0.0,0.0,2.0,0.0,0.0,0.0,0.0,0.0,0.0,0.0,2.0,0.0,84.0,0.0,0.0,0.0,0.0,0.0,0.0,115.0,0.0,2.0,121.0,0.0,0.0,0.0,60.0,71.0,0.0,12.0,0.0,0.0,0.0
104229,5777,0.0,0.0,0.0,0.0,0.0,0.0,0.0,0.0,0.0,0.0,0.0,0.0,0.0,0.0,0.0,0.0,0.0,0.0,0.0,0.0,5.0,0.0,0.0,104.0,0.0,0.0,0.0,0.0,8.0,0.0,117.0,0.0,0.0,0.0,0.0,0.0,0.0,98.0,0.0,0.0,0.0,46.0,0.0,0.0,0.0,0.0,0.0,7.0,0.0,0.0,0.0
104614,5778,4.0,25.0,0.0,120.0,0.0,0.0,304.0,0.0,158.0,0.0,0.0,0.0,0.0,0.0,0.0,0.0,0.0,180.0,0.0,0.0,0.0,2.0,0.0,0.0,49.0,0.0,0.0,24.0,0.0,0.0,0.0,0.0,285.0,0.0,0.0,16.0,0.0,0.0,0.0,0.0,0.0,0.0,163.0,0.0,0.0,0.0,0.0,0.0,0.0,0.0,0.0
105944,5779,0.0,0.0,0.0,0.0,0.0,0.0,0.0,0.0,0.0,0.0,27.0,1.0,0.0,0.0,0.0,0.0,0.0,0.0,0.0,0.0,0.0,0.0,0.0,0.0,0.0,0.0,0.0,0.0,0.0,0.0,0.0,0.0,0.0,0.0,0.0,0.0,0.0,24.0,0.0,1.0,47.0,0.0,0.0,0.0,0.0,39.0,0.0,6.0,0.0,0.0,0.0
106089,5781,20.0,14.0,0.0,118.0,0.0,0.0,29.0,0.0,0.0,0.0,0.0,0.0,0.0,25.0,0.0,0.0,54.0,0.0,0.0,0.0,0.0,6.0,0.0,0.0,126.0,0.0,0.0,5.0,0.0,0.0,0.0,0.0,69.0,9.0,0.0,5.0,0.0,0.0,0.0,0.0,0.0,0.0,98.0,0.0,0.0,0.0,0.0,0.0,68.0,0.0,1.0
106735,5832,0.0,0.0,0.0,0.0,0.0,0.0,0.0,0.0,0.0,0.0,103.0,12.0,0.0,0.0,0.0,0.0,0.0,0.0,0.0,0.0,8.0,0.0,0.0,102.0,0.0,0.0,0.0,0.0,5.0,0.0,0.0,0.0,0.0,0.0,0.0,0.0,0.0,0.0,0.0,4.0,68.0,0.0,0.0,0.0,0.0,147.0,16.0,1.0,0.0,0.0,0.0
107201,5834,0.0,0.0,0.0,0.0,0.0,0.0,0.0,0.0,0.0,0.0,0.0,0.0,0.0,0.0,0.0,0.0,0.0,0.0,0.0,0.0,1.0,0.0,0.0,168.0,0.0,0.0,0.0,0.0,16.0,0.0,60.0,0.0,0.0,0.0,0.0,0.0,0.0,126.0,0.0,2.0,29.0,27.0,0.0,0.0,0.0,0.0,0.0,3.0,0.0,0.0,0.0
107633,5870,2.0,7.0,0.0,24.0,0.0,0.0,35.0,0.0,0.0,0.0,0.0,0.0,0.0,0.0,0.0,0.0,37.0,0.0,47.0,0.0,0.0,1.0,0.0,0.0,6.0,0.0,0.0,5.0,0.0,0.0,0.0,0.0,49.0,7.0,0.0,4.0,46.0,0.0,0.0,0.0,0.0,0.0,23.0,0.0,0.0,0.0,0.0,0.0,60.0,0.0,0.0
107986,5894,24.0,8.0,0.0,0.0,0.0,0.0,0.0,0.0,0.0,0.0,0.0,0.0,0.0,122.0,0.0,0.0,0.0,244.0,100.0,0.0,0.0,14.0,0.0,0.0,82.0,0.0,0.0,52.0,0.0,0.0,0.0,0.0,300.0,34.0,0.0,20.0,134.0,0.0,0.0,0.0,0.0,0.0,238.0,0.0,0.0,0.0,0.0,0.0,86.0,0.0,1.0
109444,5899,3.0,0.0,0.0,0.0,0.0,0.0,47.0,0.0,0.0,0.0,0.0,0.0,0.0,0.0,0.0,0.0,31.0,0.0,50.0,0.0,0.0,0.0,0.0,0.0,91.0,0.0,0.0,17.0,0.0,0.0,0.0,0.0,3.0,0.0,0.0,0.0,0.0,0.0,0.0,0.0,0.0,0.0,0.0,0.0,0.0,0.0,0.0,0.0,53.0,0.0,0.0
109739,5919,9.0,11.0,0.0,33.0,0.0,0.0,0.0,0.0,0.0,0.0,0.0,0.0,0.0,177.0,0.0,0.0,0.0,215.0,186.0,0.0,0.0,12.0,0.0,0.0,158.0,0.0,0.0,7.0,0.0,0.0,0.0,0.0,0.0,2.0,0.0,13.0,63.0,0.0,0.0,0.0,0.0,0.0,172.0,0.0,0.0,0.0,0.0,0.0,0.0,0.0,0.0
110797,5927,0.0,0.0,0.0,0.0,0.0,0.0,0.0,0.0,0.0,0.0,0.0,0.0,0.0,0.0,0.0,0.0,0.0,0.0,0.0,0.0,2.0,0.0,0.0,101.0,0.0,0.0,0.0,0.0,11.0,0.0,71.0,0.0,0.0,0.0,0.0,0.0,0.0,102.0,0.0,7.0,39.0,44.0,0.0,0.0,0.0,0.0,17.0,5.0,0.0,0.0,0.0
111196,5950,23.0,3.0,0.0,20.0,0.0,0.0,25.0,0.0,0.0,0.0,0.0,0.0,0.0,0.0,0.0,0.0,96.0,0.0,234.0,0.0,0.0,11.0,0.0,0.0,94.0,0.0,0.0,13.0,0.0,0.0,0.0,0.0,51.0,17.0,0.0,7.0,308.0,0.0,0.0,0.0,0.0,0.0,0.0,0.0,0.0,0.0,0.0,0.0,69.0,0.0,0.0
112167,5962,0.0,0.0,0.0,0.0,0.0,0.0,0.0,0.0,0.0,0.0,46.0,6.0,0.0,0.0,0.0,0.0,0.0,0.0,0.0,0.0,0.0,0.0,0.0,0.0,0.0,0.0,0.0,0.0,2.0,0.0,39.0,0.0,0.0,0.0,0.0,0.0,0.0,18.0,0.0,0.0,25.0,0.0,0.0,0.0,0.0,31.0,2.0,1.0,0.0,0.0,0.0
112337,5999,0.0,0.0,0.0,0.0,72.0,0.0,0.0,0.0,0.0,0.0,68.0,0.0,77.0,0.0,45.0,11.0,0.0,0.0,0.0,0.0,0.0,0.0,103.0,86.0,0.0,0.0,0.0,0.0,4.0,13.0,0.0,5.0,0.0,0.0,87.0,0.0,0.0,0.0,77.0,3.0,52.0,0.0,0.0,10.0,0.0,0.0,1.0,4.0,0.0,0.0,0.0
113055,6005,0.0,0.0,0.0,0.0,0.0,0.0,0.0,0.0,0.0,0.0,54.0,0.0,0.0,0.0,0.0,0.0,0.0,0.0,0.0,0.0,0.0,0.0,0.0,57.0,0.0,0.0,0.0,0.0,20.0,0.0,75.0,0.0,0.0,0.0,0.0,0.0,0.0,0.0,0.0,1.0,41.0,0.0,0.0,0.0,0.0,0.0,1.0,16.0,0.0,0.0,0.0
113320,6010,0.0,0.0,0.0,0.0,0.0,0.0,0.0,0.0,0.0,0.0,26.0,0.0,0.0,0.0,0.0,0.0,0.0,0.0,0.0,0.0,6.0,0.0,0.0,0.0,0.0,0.0,0.0,0.0,0.0,0.0,40.0,0.0,0.0,0.0,0.0,0.0,0.0,14.0,0.0,0.0,66.0,0.0,0.0,0.0,0.0,66.0,0.0,2.0,0.0,0.0,1.0
113540,6028,0.0,0.0,0.0,0.0,0.0,0.0,0.0,0.0,0.0,0.0,0.0,0.0,0.0,0.0,0.0,0.0,0.0,0.0,0.0,0.0,0.0,0.0,0.0,133.0,0.0,0.0,0.0,0.0,0.0,0.0,0.0,0.0,0.0,0.0,0.0,0.0,0.0,130.0,0.0,0.0,0.0,0.0,0.0,0.0,0.0,53.0,0.0,0.0,0.0,0.0,0.0
113856,6029,0.0,0.0,0.0,0.0,0.0,0.0,0.0,0.0,0.0,0.0,68.0,0.0,0.0,0.0,0.0,0.0,0.0,0.0,0.0,0.0,0.0,0.0,0.0,76.0,0.0,0.0,0.0,0.0,3.0,0.0,0.0,0.0,0.0,0.0,0.0,0.0,0.0,0.0,0.0,0.0,38.0,0.0,0.0,0.0,0.0,67.0,0.0,1.0,0.0,0.0,0.0
114109,6030,0.0,0.0,0.0,0.0,0.0,0.0,0.0,0.0,0.0,0.0,37.0,0.0,0.0,0.0,0.0,0.0,0.0,0.0,0.0,0.0,2.0,0.0,0.0,0.0,0.0,0.0,0.0,0.0,10.0,0.0,0.0,0.0,0.0,0.0,0.0,0.0,0.0,49.0,0.0,1.0,91.0,0.0,0.0,0.0,76.0,3.0,1.0,6.0,0.0,0.0,0.0
114385,6048,14.0,21.0,0.0,145.0,0.0,0.0,157.0,0.0,144.0,0.0,0.0,0.0,0.0,112.0,0.0,0.0,174.0,0.0,91.0,0.0,0.0,12.0,0.0,0.0,5.0,0.0,0.0,34.0,0.0,0.0,0.0,0.0,65.0,15.0,0.0,2.0,0.0,0.0,0.0,0.0,0.0,0.0,0.0,0.0,0.0,0.0,0.0,0.0,146.0,0.0,0.0
115522,6057,2.0,13.0,0.0,50.0,0.0,0.0,21.0,0.0,316.0,0.0,0.0,0.0,0.0,331.0,0.0,0.0,0.0,411.0,58.0,0.0,0.0,24.0,0.0,0.0,252.0,0.0,0.0,23.0,0.0,0.0,0.0,0.0,0.0,1.0,0.0,11.0,58.0,0.0,0.0,0.0,0.0,0.0,111.0,0.0,0.0,0.0,0.0,0.0,0.0,0.0,0.0
117204,6074,0.0,0.0,0.0,0.0,0.0,0.0,0.0,0.0,0.0,0.0,12.0,1.0,0.0,0.0,0.0,0.0,0.0,0.0,0.0,0.0,0.0,0.0,0.0,2.0,0.0,0.0,0.0,0.0,4.0,0.0,49.0,0.0,0.0,0.0,0.0,0.0,0.0,92.0,0.0,4.0,34.0,0.0,0.0,0.0,0.0,0.0,0.0,1.0,0.0,0.0,0.0
117403,6105,2.0,25.0,0.0,117.0,0.0,0.0,90.0,0.0,82.0,0.0,0.0,0.0,0.0,0.0,0.0,0.0,0.0,261.0,0.0,0.0,0.0,3.0,0.0,0.0,0.0,0.0,0.0,31.0,0.0,0.0,0.0,0.0,85.0,4.0,0.0,6.0,56.0,0.0,0.0,0.0,0.0,0.0,7.0,0.0,0.0,0.0,0.0,0.0,0.0,0.0,0.0
118172,6110,0.0,5.0,0.0,42.0,0.0,0.0,60.0,0.0,0.0,0.0,0.0,0.0,0.0,36.0,0.0,0.0,12.0,22.0,82.0,0.0,0.0,3.0,0.0,0.0,6.0,0.0,0.0,9.0,0.0,0.0,0.0,0.0,37.0,6.0,0.0,31.0,51.0,0.0,0.0,0.0,0.0,0.0,39.0,0.0,0.0,0.0,0.0,0.0,81.0,0.0,0.0
118694,6131,0.0,0.0,0.0,0.0,100.0,0.0,0.0,0.0,0.0,0.0,48.0,0.0,84.0,0.0,93.0,8.0,0.0,0.0,0.0,0.0,0.0,0.0,101.0,52.0,0.0,0.0,0.0,0.0,3.0,6.0,0.0,6.0,0.0,0.0,93.0,0.0,0.0,0.0,63.0,2.0,54.0,0.0,0.0,17.0,0.0,0.0,1.0,15.0,0.0,0.0,0.0
119440,6173,0.0,0.0,0.0,0.0,0.0,0.0,0.0,0.0,0.0,0.0,74.0,0.0,0.0,0.0,0.0,0.0,0.0,0.0,0.0,0.0,0.0,0.0,0.0,0.0,0.0,0.0,0.0,0.0,14.0,0.0,4.0,0.0,0.0,0.0,0.0,0.0,0.0,65.0,0.0,1.0,35.0,0.0,0.0,0.0,0.0,1.0,0.0,0.0,0.0,0.0,1.0
119634,6192,0.0,0.0,0.0,0.0,0.0,0.0,0.0,0.0,0.0,0.0,47.0,0.0,0.0,0.0,0.0,0.0,0.0,0.0,0.0,0.0,0.0,0.0,0.0,61.0,0.0,0.0,0.0,0.0,6.0,0.0,59.0,0.0,0.0,0.0,0.0,0.0,0.0,0.0,0.0,0.0,7.0,0.0,0.0,0.0,0.0,0.0,0.0,0.0,0.0,0.0,0.0
119814,6212,6.0,9.0,0.0,35.0,0.0,0.0,23.0,0.0,12.0,0.0,0.0,0.0,0.0,0.0,0.0,0.0,8.0,0.0,40.0,0.0,0.0,7.0,0.0,0.0,57.0,0.0,0.0,0.0,0.0,0.0,0.0,0.0,94.0,0.0,0.0,3.0,2.0,0.0,0.0,0.0,0.0,0.0,42.0,0.0,0.0,0.0,0.0,0.0,36.0,0.0,0.0
120188,6214,0.0,0.0,0.0,0.0,0.0,0.0,0.0,0.0,0.0,0.0,63.0,1.0,0.0,0.0,0.0,0.0,0.0,0.0,0.0,0.0,0.0,0.0,0.0,0.0,0.0,0.0,0.0,0.0,13.0,0.0,2.0,0.0,0.0,0.0,0.0,0.0,0.0,70.0,0.0,3.0,29.0,0.0,0.0,0.0,0.0,6.0,0.0,3.0,0.0,0.0,0.0
120378,6215,0.0,0.0,0.0,0.0,0.0,0.0,0.0,0.0,0.0,709.0,0.0,6.0,0.0,0.0,0.0,0.0,0.0,0.0,0.0,0.0,35.0,0.0,0.0,107.0,0.0,0.0,0.0,0.0,4.0,0.0,94.0,0.0,0.0,0.0,0.0,0.0,0.0,40.0,0.0,1.0,77.0,0.0,0.0,0.0,128.0,45.0,0.0,12.0,0.0,0.0,0.0
121636,6225,3.0,40.0,0.0,0.0,0.0,0.0,27.0,0.0,60.0,0.0,0.0,0.0,0.0,0.0,0.0,0.0,67.0,0.0,0.0,0.0,0.0,6.0,0.0,0.0,164.0,0.0,0.0,29.0,0.0,0.0,0.0,0.0,175.0,0.0,0.0,9.0,0.0,0.0,0.0,0.0,0.0,0.0,77.0,0.0,0.0,0.0,0.0,0.0,82.0,0.0,0.0
122375,6226,7.0,20.0,0.0,106.0,0.0,0.0,133.0,0.0,86.0,0.0,0.0,0.0,0.0,0.0,0.0,0.0,91.0,0.0,54.0,0.0,0.0,2.0,0.0,0.0,50.0,0.0,0.0,7.0,0.0,0.0,0.0,0.0,104.0,0.0,0.0,0.0,0.0,0.0,0.0,0.0,0.0,0.0,0.0,0.0,0.0,0.0,0.0,0.0,103.0,0.0,1.0
123138,6235,2.0,11.0,0.0,171.0,0.0,1.0,31.0,0.0,125.0,0.0,0.0,0.0,0.0,0.0,0.0,0.0,118.0,0.0,180.0,0.0,0.0,5.0,0.0,0.0,20.0,0.0,0.0,18.0,0.0,0.0,0.0,0.0,236.0,42.0,0.0,5.0,0.0,0.0,0.0,0.0,0.0,0.0,139.0,0.0,0.0,0.0,0.0,0.0,38.0,0.0,0.0
124280,6250,3.0,15.0,0.0,0.0,0.0,1.0,20.0,0.0,200.0,0.0,0.0,0.0,0.0,0.0,0.0,0.0,0.0,161.0,109.0,0.0,0.0,5.0,0.0,0.0,38.0,0.0,0.0,28.0,0.0,0.0,0.0,0.0,60.0,10.0,0.0,7.0,206.0,0.0,0.0,0.0,0.0,0.0,205.0,0.0,0.0,0.0,0.0,0.0,95.0,0.0,0.0
125443,6252,6.0,17.0,0.0,0.0,0.0,0.0,0.0,0.0,0.0,0.0,0.0,0.0,0.0,0.0,0.0,0.0,0.0,132.0,18.0,0.0,0.0,4.0,0.0,0.0,44.0,0.0,0.0,7.0,0.0,0.0,0.0,0.0,117.0,12.0,0.0,11.0,51.0,0.0,0.0,0.0,0.0,0.0,81.0,0.0,0.0,0.0,0.0,0.0,64.0,0.0,0.0
126007,6278,0.0,0.0,0.0,0.0,0.0,0.0,0.0,0.0,0.0,38.0,15.0,0.0,0.0,0.0,0.0,0.0,0.0,0.0,0.0,0.0,2.0,0.0,0.0,6.0,0.0,0.0,0.0,0.0,1.0,0.0,0.0,0.0,0.0,0.0,0.0,0.0,0.0,0.0,0.0,0.0,0.0,0.0,0.0,0.0,4.0,19.0,2.0,1.0,0.0,0.0,0.0
126095,6279,10.0,6.0,0.0,92.0,0.0,0.0,0.0,0.0,138.0,0.0,0.0,0.0,0.0,0.0,0.0,0.0,0.0,112.0,0.0,0.0,0.0,4.0,0.0,0.0,39.0,0.0,0.0,11.0,0.0,0.0,0.0,0.0,128.0,9.0,0.0,10.0,102.0,0.0,0.0,0.0,0.0,0.0,107.0,0.0,0.0,0.0,0.0,0.0,0.0,0.0,1.0
126863,6287,3.0,3.0,0.0,121.0,0.0,0.0,94.0,0.0,0.0,0.0,0.0,0.0,0.0,0.0,0.0,0.0,0.0,178.0,0.0,0.0,0.0,11.0,0.0,0.0,46.0,0.0,0.0,6.0,0.0,0.0,0.0,0.0,28.0,8.0,0.0,2.0,73.0,0.0,0.0,0.0,0.0,0.0,38.0,0.0,0.0,0.0,0.0,0.0,0.0,0.0,0.0
127474,6295,16.0,12.0,0.0,86.0,0.0,0.0,138.0,0.0,86.0,0.0,0.0,0.0,0.0,0.0,0.0,0.0,0.0,230.0,0.0,0.0,0.0,70.0,0.0,0.0,454.0,0.0,0.0,30.0,0.0,0.0,0.0,0.0,106.0,4.0,0.0,26.0,160.0,0.0,0.0,0.0,0.0,0.0,186.0,0.0,0.0,0.0,0.0,0.0,0.0,0.0,1.0
129078,6297,5.0,36.0,0.0,16.0,0.0,0.0,51.0,0.0,0.0,0.0,0.0,0.0,0.0,55.0,0.0,0.0,63.0,0.0,50.0,0.0,0.0,7.0,0.0,0.0,30.0,0.0,0.0,16.0,0.0,0.0,0.0,0.0,48.0,9.0,0.0,3.0,0.0,0.0,0.0,0.0,0.0,0.0,0.0,0.0,0.0,0.0,0.0,0.0,72.0,0.0,0.0
129539,6298,0.0,0.0,0.0,0.0,0.0,0.0,0.0,0.0,0.0,103.0,0.0,6.0,0.0,0.0,0.0,0.0,0.0,0.0,0.0,0.0,0.0,0.0,0.0,184.0,0.0,0.0,0.0,0.0,5.0,0.0,26.0,0.0,0.0,0.0,0.0,0.0,0.0,113.0,0.0,10.0,68.0,0.0,0.0,0.0,45.0,0.0,11.0,12.0,0.0,0.0,1.0
130122,6308,9.0,1.0,0.0,9.0,0.0,0.0,4.0,0.0,0.0,0.0,0.0,0.0,0.0,0.0,0.0,0.0,69.0,0.0,50.0,0.0,0.0,4.0,0.0,0.0,16.0,0.0,0.0,10.0,0.0,0.0,0.0,0.0,45.0,15.0,0.0,4.0,74.0,0.0,0.0,0.0,0.0,0.0,34.0,0.0,0.0,0.0,0.0,0.0,129.0,0.0,1.0
130595,6309,0.0,0.0,0.0,0.0,0.0,0.0,0.0,0.0,0.0,0.0,99.0,2.0,0.0,0.0,0.0,0.0,0.0,0.0,0.0,0.0,7.0,0.0,0.0,0.0,0.0,0.0,0.0,0.0,3.0,0.0,0.0,0.0,0.0,0.0,0.0,0.0,0.0,57.0,0.0,0.0,77.0,0.0,0.0,0.0,0.0,85.0,4.0,0.0,0.0,0.0,0.0
130929,6315,11.0,0.0,0.0,0.0,0.0,0.0,0.0,0.0,0.0,0.0,0.0,0.0,0.0,0.0,0.0,0.0,0.0,135.0,67.0,0.0,0.0,11.0,0.0,0.0,87.0,0.0,0.0,6.0,0.0,0.0,0.0,0.0,89.0,9.0,0.0,17.0,50.0,0.0,0.0,0.0,0.0,0.0,96.0,0.0,0.0,0.0,0.0,0.0,55.0,0.0,0.0
131562,6325,8.0,1.0,0.0,32.0,0.0,0.0,37.0,0.0,0.0,0.0,0.0,0.0,0.0,38.0,0.0,0.0,26.0,0.0,51.0,0.0,0.0,3.0,0.0,0.0,27.0,0.0,0.0,3.0,0.0,0.0,0.0,0.0,56.0,15.0,0.0,9.0,71.0,0.0,0.0,0.0,0.0,0.0,0.0,0.0,0.0,0.0,0.0,0.0,110.0,0.0,0.0
132049,6375,2.0,9.0,0.0,0.0,0.0,0.0,75.0,0.0,161.0,0.0,0.0,0.0,0.0,0.0,0.0,0.0,0.0,202.0,0.0,0.0,0.0,17.0,0.0,0.0,40.0,0.0,0.0,39.0,0.0,0.0,0.0,0.0,183.0,0.0,0.0,1.0,0.0,0.0,0.0,0.0,0.0,0.0,118.0,0.0,0.0,0.0,0.0,0.0,0.0,0.0,0.0
132896,6386,0.0,0.0,0.0,0.0,0.0,0.0,0.0,0.0,0.0,0.0,0.0,0.0,0.0,0.0,0.0,0.0,0.0,0.0,0.0,0.0,1.0,0.0,0.0,115.0,0.0,0.0,0.0,0.0,9.0,0.0,114.0,0.0,0.0,0.0,0.0,0.0,0.0,81.0,0.0,3.0,68.0,0.0,0.0,0.0,48.0,0.0,0.0,12.0,0.0,0.0,0.0
133347,6409,0.0,0.0,0.0,0.0,0.0,0.0,0.0,0.0,0.0,0.0,35.0,0.0,0.0,0.0,0.0,0.0,0.0,0.0,0.0,0.0,0.0,0.0,0.0,42.0,0.0,0.0,0.0,0.0,14.0,0.0,64.0,0.0,0.0,0.0,0.0,0.0,0.0,0.0,0.0,1.0,19.0,0.0,0.0,0.0,0.0,0.0,0.0,5.0,0.0,0.0,0.0
133527,6410,0.0,8.0,0.0,67.0,0.0,1.0,52.0,0.0,0.0,0.0,0.0,0.0,0.0,40.0,0.0,0.0,77.0,7.0,65.0,0.0,0.0,2.0,0.0,0.0,7.0,0.0,0.0,11.0,0.0,0.0,0.0,0.0,58.0,11.0,0.0,5.0,164.0,0.0,0.0,0.0,0.0,0.0,58.0,0.0,0.0,0.0,0.0,0.0,69.0,0.0,0.0
134229,6427,0.0,0.0,0.0,0.0,0.0,0.0,0.0,0.0,0.0,0.0,0.0,0.0,0.0,0.0,0.0,0.0,0.0,0.0,0.0,0.0,0.0,0.0,0.0,166.0,0.0,0.0,0.0,0.0,62.0,0.0,118.0,0.0,0.0,0.0,0.0,0.0,0.0,126.0,0.0,22.0,266.0,0.0,0.0,0.0,148.0,0.0,0.0,48.0,0.0,0.0,1.0
135185,6460,0.0,0.0,0.0,0.0,0.0,0.0,0.0,0.0,0.0,53.0,0.0,2.0,0.0,0.0,0.0,0.0,0.0,0.0,0.0,0.0,3.0,0.0,0.0,21.0,0.0,0.0,0.0,0.0,1.0,0.0,40.0,0.0,0.0,0.0,0.0,0.0,0.0,43.0,0.0,4.0,101.0,0.0,0.0,0.0,32.0,0.0,0.0,1.0,0.0,0.0,0.0
135486,6461,0.0,0.0,0.0,0.0,0.0,0.0,0.0,0.0,0.0,357.0,45.0,8.0,0.0,0.0,0.0,0.0,0.0,0.0,0.0,0.0,6.0,0.0,0.0,46.0,0.0,0.0,0.0,0.0,1.0,0.0,0.0,0.0,0.0,0.0,0.0,0.0,0.0,45.0,0.0,0.0,87.0,0.0,0.0,0.0,113.0,0.0,0.0,4.0,0.0,0.0,0.0
136198,6462,0.0,0.0,0.0,0.0,0.0,0.0,0.0,0.0,0.0,0.0,116.0,0.0,0.0,0.0,0.0,0.0,0.0,0.0,0.0,0.0,0.0,0.0,0.0,54.0,0.0,0.0,0.0,0.0,12.0,0.0,68.0,0.0,0.0,0.0,0.0,0.0,0.0,0.0,0.0,0.0,48.0,0.0,0.0,0.0,0.0,0.0,0.0,2.0,0.0,0.0,1.0
136498,6476,0.0,0.0,0.0,0.0,0.0,0.0,0.0,0.0,0.0,0.0,285.0,1.0,0.0,0.0,0.0,0.0,0.0,0.0,0.0,0.0,15.0,0.0,0.0,266.0,0.0,0.0,0.0,0.0,21.0,0.0,0.0,0.0,0.0,0.0,0.0,0.0,0.0,0.0,0.0,6.0,0.0,0.0,0.0,0.0,203.0,337.0,0.0,15.0,0.0,0.0,0.0
137647,6500,0.0,0.0,0.0,0.0,0.0,0.0,0.0,0.0,0.0,0.0,42.0,0.0,0.0,0.0,0.0,0.0,0.0,0.0,0.0,0.0,0.0,0.0,0.0,0.0,0.0,0.0,0.0,0.0,0.0,0.0,0.0,0.0,0.0,0.0,0.0,0.0,0.0,0.0,0.0,0.0,18.0,0.0,0.0,0.0,0.0,0.0,0.0,1.0,0.0,0.0,0.0
137708,6501,0.0,0.0,0.0,0.0,0.0,0.0,0.0,0.0,0.0,0.0,45.0,0.0,0.0,0.0,0.0,0.0,0.0,0.0,0.0,0.0,0.0,0.0,0.0,60.0,0.0,0.0,0.0,0.0,9.0,0.0,125.0,0.0,0.0,0.0,0.0,0.0,0.0,0.0,0.0,2.0,30.0,0.0,0.0,0.0,0.0,0.0,4.0,3.0,0.0,0.0,0.0
137986,6504,0.0,0.0,0.0,0.0,0.0,0.0,0.0,0.0,0.0,0.0,17.0,0.0,0.0,0.0,0.0,0.0,0.0,0.0,0.0,0.0,0.0,0.0,0.0,0.0,0.0,0.0,0.0,0.0,4.0,0.0,58.0,0.0,0.0,0.0,0.0,0.0,0.0,40.0,0.0,0.0,0.0,0.0,0.0,0.0,0.0,0.0,0.0,0.0,0.0,0.0,0.0
138105,6517,6.0,24.0,0.0,157.0,0.0,0.0,266.0,0.0,111.0,0.0,0.0,0.0,0.0,0.0,0.0,0.0,0.0,126.0,0.0,0.0,0.0,47.0,0.0,0.0,24.0,0.0,0.0,40.0,0.0,0.0,0.0,0.0,135.0,23.0,0.0,14.0,145.0,0.0,0.0,0.0,0.0,0.0,111.0,0.0,0.0,0.0,0.0,0.0,0.0,0.0,0.0
139334,6547,0.0,0.0,0.0,0.0,0.0,0.0,0.0,0.0,0.0,0.0,180.0,0.0,0.0,0.0,0.0,0.0,0.0,0.0,0.0,0.0,1.0,0.0,0.0,256.0,0.0,0.0,0.0,0.0,12.0,0.0,0.0,0.0,0.0,0.0,0.0,0.0,0.0,17.0,0.0,9.0,49.0,0.0,0.0,0.0,0.0,146.0,0.0,8.0,0.0,0.0,0.0
140012,6578,9.0,8.0,0.0,0.0,0.0,0.0,4.0,0.0,118.0,0.0,0.0,0.0,0.0,0.0,0.0,0.0,0.0,30.0,76.0,0.0,0.0,3.0,0.0,0.0,18.0,0.0,0.0,14.0,0.0,0.0,0.0,0.0,59.0,19.0,0.0,7.0,112.0,0.0,0.0,0.0,0.0,0.0,36.0,0.0,0.0,0.0,0.0,0.0,49.0,0.0,0.0
140574,6605,0.0,0.0,0.0,0.0,0.0,0.0,0.0,0.0,0.0,0.0,425.0,0.0,0.0,0.0,0.0,0.0,0.0,0.0,0.0,0.0,0.0,0.0,0.0,80.0,0.0,0.0,0.0,0.0,43.0,0.0,27.0,0.0,0.0,0.0,0.0,0.0,0.0,272.0,0.0,2.0,162.0,0.0,0.0,0.0,0.0,0.0,1.0,2.0,0.0,0.0,0.0
141588,6614,0.0,0.0,0.0,0.0,0.0,0.0,0.0,0.0,0.0,0.0,36.0,9.0,0.0,0.0,0.0,0.0,0.0,0.0,0.0,0.0,3.0,0.0,0.0,0.0,0.0,0.0,0.0,0.0,5.0,0.0,0.0,0.0,0.0,0.0,0.0,0.0,0.0,91.0,0.0,10.0,54.0,0.0,0.0,0.0,56.0,27.0,1.0,0.0,0.0,0.0,1.0
141880,6615,0.0,0.0,0.0,0.0,0.0,0.0,0.0,0.0,0.0,0.0,368.0,0.0,0.0,0.0,0.0,0.0,0.0,0.0,0.0,0.0,0.0,0.0,0.0,4.0,0.0,0.0,0.0,0.0,30.0,0.0,0.0,0.0,0.0,0.0,0.0,0.0,0.0,332.0,0.0,0.0,122.0,0.0,0.0,0.0,0.0,0.0,0.0,14.0,0.0,0.0,1.0
142750,6621,0.0,0.0,0.0,0.0,0.0,0.0,0.0,0.0,0.0,0.0,78.0,0.0,0.0,0.0,0.0,0.0,0.0,0.0,0.0,0.0,2.0,0.0,0.0,2.0,0.0,0.0,0.0,0.0,0.0,0.0,0.0,0.0,0.0,0.0,0.0,0.0,0.0,0.0,0.0,2.0,54.0,0.0,0.0,0.0,0.0,66.0,0.0,0.0,0.0,0.0,1.0
142954,6626,0.0,4.0,0.0,0.0,0.0,0.0,59.0,0.0,20.0,0.0,0.0,0.0,0.0,0.0,0.0,0.0,0.0,72.0,0.0,0.0,0.0,29.0,0.0,0.0,160.0,0.0,0.0,0.0,0.0,0.0,0.0,0.0,0.0,0.0,0.0,2.0,42.0,0.0,0.0,0.0,0.0,0.0,24.0,0.0,0.0,0.0,0.0,0.0,0.0,0.0,0.0
143366,6627,9.0,18.0,0.0,195.0,0.0,0.0,35.0,0.0,113.0,0.0,0.0,0.0,0.0,0.0,0.0,0.0,61.0,0.0,172.0,0.0,0.0,8.0,0.0,0.0,75.0,0.0,0.0,30.0,0.0,0.0,0.0,0.0,154.0,0.0,0.0,2.0,0.0,0.0,0.0,0.0,0.0,0.0,0.0,0.0,0.0,0.0,0.0,0.0,259.0,0.0,0.0
144497,6646,0.0,0.0,0.0,0.0,0.0,0.0,0.0,0.0,0.0,0.0,41.0,2.0,0.0,0.0,0.0,0.0,0.0,0.0,0.0,0.0,0.0,0.0,0.0,0.0,0.0,0.0,0.0,0.0,0.0,0.0,52.0,0.0,0.0,0.0,0.0,0.0,0.0,0.0,0.0,0.0,55.0,0.0,0.0,0.0,0.0,41.0,4.0,7.0,0.0,0.0,0.0
144699,6694,9.0,31.0,0.0,0.0,0.0,0.0,24.0,0.0,192.0,0.0,0.0,0.0,0.0,122.0,0.0,0.0,164.0,0.0,0.0,0.0,0.0,34.0,0.0,0.0,369.0,0.0,0.0,22.0,0.0,0.0,0.0,0.0,153.0,2.0,0.0,2.0,0.0,0.0,0.0,0.0,0.0,0.0,432.0,0.0,0.0,0.0,0.0,0.0,169.0,0.0,0.0
146424,6695,20.0,21.0,0.0,228.0,0.0,2.0,145.0,0.0,0.0,0.0,0.0,0.0,0.0,56.0,0.0,0.0,86.0,64.0,169.0,0.0,0.0,6.0,0.0,0.0,50.0,0.0,0.0,6.0,0.0,0.0,0.0,0.0,119.0,19.0,0.0,32.0,106.0,0.0,0.0,0.0,0.0,0.0,138.0,0.0,0.0,0.0,0.0,0.0,240.0,0.0,0.0
147931,6697,0.0,0.0,0.0,0.0,0.0,0.0,0.0,0.0,0.0,0.0,61.0,0.0,0.0,0.0,0.0,0.0,0.0,0.0,0.0,0.0,0.0,0.0,0.0,37.0,0.0,0.0,0.0,0.0,7.0,0.0,37.0,0.0,0.0,0.0,0.0,0.0,0.0,0.0,0.0,2.0,27.0,0.0,0.0,0.0,0.0,0.0,0.0,2.0,0.0,0.0,0.0
148104,6741,0.0,0.0,0.0,0.0,0.0,0.0,0.0,0.0,0.0,0.0,0.0,0.0,0.0,0.0,0.0,0.0,0.0,0.0,0.0,0.0,1.0,0.0,0.0,87.0,0.0,0.0,0.0,0.0,22.0,0.0,101.0,0.0,0.0,0.0,0.0,0.0,0.0,36.0,0.0,10.0,117.0,0.0,0.0,0.0,70.0,0.0,0.0,8.0,0.0,0.0,0.0
148556,6751,0.0,0.0,0.0,0.0,0.0,0.0,0.0,0.0,0.0,0.0,107.0,2.0,0.0,0.0,0.0,0.0,0.0,0.0,0.0,0.0,1.0,0.0,0.0,0.0,0.0,0.0,0.0,0.0,1.0,0.0,48.0,0.0,0.0,0.0,0.0,0.0,0.0,50.0,0.0,0.0,55.0,0.0,0.0,0.0,0.0,53.0,19.0,0.0,0.0,0.0,0.0
148892,6756,0.0,0.0,0.0,192.0,0.0,0.0,56.0,0.0,118.0,0.0,0.0,0.0,0.0,0.0,0.0,0.0,45.0,0.0,70.0,0.0,0.0,12.0,0.0,0.0,18.0,0.0,0.0,28.0,0.0,0.0,0.0,0.0,103.0,1.0,0.0,1.0,0.0,0.0,0.0,0.0,0.0,0.0,85.0,0.0,0.0,0.0,0.0,0.0,75.0,0.0,0.0
149696,6764,1.0,6.0,0.0,0.0,0.0,0.0,4.0,0.0,10.0,0.0,0.0,0.0,0.0,3.0,0.0,0.0,24.0,0.0,0.0,0.0,0.0,0.0,0.0,0.0,128.0,0.0,0.0,0.0,0.0,0.0,0.0,0.0,0.0,0.0,0.0,0.0,0.0,0.0,0.0,0.0,0.0,0.0,0.0,0.0,0.0,0.0,0.0,0.0,24.0,0.0,0.0
149896,6782,42.0,14.0,0.0,0.0,0.0,0.0,0.0,0.0,0.0,0.0,0.0,0.0,0.0,58.0,0.0,0.0,0.0,162.0,88.0,0.0,0.0,18.0,0.0,0.0,138.0,0.0,0.0,16.0,0.0,0.0,0.0,0.0,152.0,42.0,0.0,26.0,108.0,0.0,0.0,0.0,0.0,0.0,150.0,0.0,0.0,0.0,0.0,0.0,98.0,0.0,1.0
151008,6792,11.0,17.0,0.0,0.0,0.0,0.0,16.0,0.0,80.0,0.0,0.0,0.0,0.0,0.0,0.0,0.0,49.0,0.0,0.0,0.0,0.0,10.0,0.0,0.0,118.0,0.0,0.0,7.0,0.0,0.0,0.0,0.0,108.0,3.0,0.0,2.0,0.0,0.0,0.0,0.0,0.0,0.0,103.0,0.0,0.0,0.0,0.0,0.0,70.0,0.0,0.0
151602,6849,0.0,0.0,0.0,0.0,0.0,0.0,0.0,0.0,0.0,0.0,43.0,7.0,0.0,0.0,0.0,0.0,0.0,0.0,0.0,0.0,2.0,0.0,0.0,0.0,0.0,0.0,0.0,0.0,8.0,0.0,0.0,0.0,0.0,0.0,0.0,0.0,0.0,65.0,0.0,16.0,57.0,0.0,0.0,0.0,68.0,40.0,2.0,1.0,0.0,0.0,0.0
151911,6862,1.0,23.0,0.0,0.0,0.0,2.0,125.0,0.0,294.0,0.0,0.0,0.0,0.0,95.0,0.0,0.0,199.0,0.0,144.0,0.0,0.0,20.0,0.0,0.0,48.0,0.0,0.0,29.0,0.0,0.0,0.0,0.0,170.0,20.0,0.0,7.0,297.0,0.0,0.0,0.0,0.0,0.0,137.0,0.0,0.0,0.0,0.0,0.0,319.0,0.0,0.0
153841,6876,0.0,1.0,0.0,97.0,0.0,0.0,0.0,0.0,65.0,0.0,0.0,0.0,0.0,0.0,0.0,0.0,0.0,296.0,0.0,0.0,0.0,0.0,0.0,0.0,0.0,0.0,0.0,11.0,0.0,0.0,0.0,0.0,51.0,6.0,0.0,3.0,98.0,0.0,0.0,0.0,0.0,0.0,106.0,0.0,0.0,0.0,0.0,0.0,0.0,0.0,0.0
154575,6879,18.0,3.0,0.0,0.0,0.0,0.0,0.0,0.0,0.0,0.0,0.0,0.0,0.0,12.0,0.0,0.0,0.0,92.0,17.0,0.0,0.0,2.0,0.0,0.0,72.0,0.0,0.0,2.0,0.0,0.0,0.0,0.0,66.0,5.0,0.0,4.0,14.0,0.0,0.0,0.0,0.0,0.0,13.0,0.0,0.0,0.0,0.0,0.0,22.0,0.0,0.0
154917,6911,0.0,0.0,0.0,0.0,0.0,0.0,0.0,0.0,0.0,0.0,22.0,2.0,0.0,0.0,0.0,0.0,0.0,0.0,0.0,0.0,1.0,0.0,0.0,61.0,0.0,0.0,0.0,0.0,0.0,0.0,0.0,0.0,0.0,0.0,0.0,0.0,0.0,0.0,0.0,1.0,31.0,0.0,0.0,0.0,0.0,74.0,5.0,0.0,0.0,0.0,0.0
155114,6935,0.0,0.0,0.0,14.0,0.0,0.0,0.0,0.0,0.0,0.0,0.0,0.0,0.0,48.0,0.0,0.0,0.0,51.0,59.0,0.0,0.0,0.0,0.0,0.0,30.0,0.0,0.0,1.0,0.0,0.0,0.0,0.0,0.0,0.0,0.0,10.0,55.0,0.0,0.0,0.0,0.0,0.0,33.0,0.0,0.0,0.0,0.0,0.0,55.0,0.0,0.0
155470,6938,0.0,7.0,0.0,0.0,0.0,0.0,27.0,0.0,99.0,0.0,0.0,0.0,0.0,0.0,0.0,0.0,0.0,84.0,126.0,0.0,0.0,12.0,0.0,0.0,25.0,0.0,0.0,11.0,0.0,0.0,0.0,0.0,59.0,9.0,0.0,10.0,87.0,0.0,0.0,0.0,0.0,0.0,77.0,0.0,0.0,0.0,0.0,0.0,0.0,0.0,0.0
156103,6939,0.0,0.0,0.0,0.0,0.0,0.0,0.0,0.0,0.0,0.0,81.0,8.0,0.0,0.0,0.0,0.0,0.0,0.0,0.0,0.0,13.0,0.0,0.0,0.0,0.0,0.0,0.0,0.0,10.0,0.0,0.0,0.0,0.0,0.0,0.0,0.0,0.0,52.0,0.0,7.0,46.0,0.0,0.0,0.0,106.0,73.0,2.0,9.0,0.0,0.0,1.0
156510,6948,9.0,21.0,0.0,50.0,0.0,0.0,0.0,0.0,0.0,0.0,0.0,0.0,0.0,102.0,0.0,0.0,0.0,75.0,0.0,0.0,0.0,5.0,0.0,0.0,178.0,0.0,0.0,14.0,0.0,0.0,0.0,0.0,0.0,10.0,0.0,9.0,98.0,0.0,0.0,0.0,0.0,0.0,0.0,0.0,0.0,0.0,0.0,0.0,89.0,0.0,0.0
157170,6950,0.0,0.0,0.0,0.0,0.0,0.0,0.0,0.0,0.0,0.0,61.0,2.0,0.0,0.0,0.0,0.0,0.0,0.0,0.0,0.0,0.0,0.0,0.0,206.0,0.0,0.0,0.0,0.0,7.0,0.0,65.0,0.0,0.0,0.0,0.0,0.0,0.0,110.0,0.0,2.0,0.0,0.0,0.0,0.0,0.0,135.0,0.0,0.0,0.0,0.0,0.0
157758,6952,0.0,0.0,0.0,0.0,0.0,0.0,0.0,0.0,0.0,0.0,19.0,0.0,0.0,0.0,0.0,0.0,0.0,0.0,0.0,0.0,0.0,0.0,0.0,54.0,0.0,0.0,0.0,0.0,12.0,0.0,64.0,0.0,0.0,0.0,0.0,0.0,0.0,0.0,0.0,1.0,0.0,0.0,0.0,0.0,40.0,29.0,0.0,2.0,0.0,0.0,0.0
157979,6964,0.0,12.0,0.0,57.0,0.0,0.0,92.0,0.0,90.0,0.0,0.0,0.0,0.0,0.0,0.0,0.0,0.0,97.0,0.0,0.0,0.0,16.0,0.0,0.0,87.0,0.0,0.0,15.0,0.0,0.0,0.0,0.0,114.0,3.0,0.0,13.0,97.0,0.0,0.0,0.0,0.0,0.0,91.0,0.0,0.0,0.0,0.0,0.0,0.0,0.0,1.0
158763,6974,0.0,0.0,0.0,0.0,0.0,0.0,0.0,0.0,0.0,0.0,0.0,0.0,0.0,0.0,0.0,0.0,0.0,0.0,0.0,0.0,0.0,0.0,0.0,104.0,0.0,0.0,0.0,0.0,3.0,0.0,57.0,0.0,0.0,0.0,0.0,0.0,0.0,60.0,0.0,3.0,52.0,0.0,0.0,0.0,53.0,0.0,0.0,4.0,0.0,0.0,0.0
159099,6984,2.0,1.0,0.0,76.0,0.0,0.0,52.0,0.0,0.0,0.0,0.0,0.0,0.0,0.0,0.0,0.0,53.0,0.0,132.0,0.0,0.0,2.0,0.0,0.0,6.0,0.0,0.0,6.0,0.0,0.0,0.0,0.0,43.0,4.0,0.0,9.0,31.0,0.0,0.0,0.0,0.0,0.0,33.0,0.0,0.0,0.0,0.0,0.0,98.0,0.0,1.0
159647,7023,0.0,0.0,0.0,0.0,0.0,0.0,0.0,0.0,0.0,0.0,74.0,12.0,0.0,0.0,0.0,0.0,0.0,0.0,0.0,0.0,12.0,0.0,0.0,204.0,0.0,0.0,0.0,0.0,34.0,0.0,192.0,0.0,0.0,0.0,0.0,0.0,0.0,134.0,0.0,22.0,0.0,230.0,0.0,0.0,0.0,140.0,12.0,10.0,0.0,0.0,1.0
160723,7028,0.0,0.0,0.0,0.0,0.0,0.0,0.0,0.0,0.0,0.0,0.0,0.0,0.0,0.0,0.0,0.0,0.0,0.0,0.0,0.0,0.0,0.0,0.0,70.0,0.0,0.0,0.0,0.0,1.0,0.0,0.0,0.0,0.0,0.0,0.0,0.0,0.0,113.0,0.0,1.0,95.0,0.0,0.0,0.0,78.0,20.0,0.0,0.0,0.0,0.0,0.0
161101,7057,0.0,0.0,0.0,0.0,0.0,0.0,0.0,0.0,0.0,70.0,0.0,0.0,0.0,0.0,0.0,0.0,0.0,0.0,0.0,0.0,0.0,0.0,0.0,51.0,0.0,0.0,0.0,0.0,1.0,0.0,1.0,0.0,0.0,0.0,0.0,0.0,0.0,0.0,0.0,0.0,23.0,0.0,0.0,0.0,15.0,0.0,0.0,1.0,0.0,0.0,0.0
161263,7060,0.0,0.0,0.0,0.0,0.0,0.0,0.0,0.0,0.0,0.0,44.0,0.0,0.0,0.0,0.0,0.0,0.0,0.0,0.0,0.0,0.0,0.0,0.0,0.0,0.0,0.0,0.0,0.0,0.0,0.0,142.0,0.0,0.0,0.0,0.0,0.0,0.0,0.0,0.0,0.0,0.0,0.0,0.0,0.0,0.0,0.0,0.0,0.0,0.0,0.0,0.0
161449,7062,0.0,0.0,0.0,0.0,0.0,0.0,0.0,0.0,0.0,208.0,52.0,0.0,0.0,0.0,0.0,0.0,0.0,0.0,0.0,0.0,16.0,0.0,0.0,0.0,0.0,0.0,0.0,0.0,0.0,0.0,0.0,0.0,0.0,0.0,0.0,0.0,0.0,0.0,0.0,0.0,70.0,0.0,0.0,0.0,78.0,0.0,13.0,1.0,0.0,0.0,0.0
161887,7074,3.0,4.0,0.0,0.0,0.0,0.0,29.0,0.0,0.0,0.0,0.0,0.0,0.0,0.0,0.0,0.0,0.0,48.0,71.0,0.0,0.0,6.0,0.0,0.0,45.0,0.0,0.0,20.0,0.0,0.0,0.0,0.0,76.0,6.0,0.0,12.0,0.0,0.0,0.0,0.0,0.0,0.0,104.0,0.0,0.0,0.0,0.0,0.0,108.0,0.0,1.0
162419,7079,0.0,0.0,0.0,0.0,0.0,0.0,0.0,0.0,0.0,0.0,125.0,12.0,0.0,0.0,0.0,0.0,0.0,0.0,0.0,0.0,4.0,0.0,0.0,111.0,0.0,0.0,0.0,0.0,12.0,0.0,0.0,0.0,0.0,0.0,0.0,0.0,0.0,181.0,0.0,0.0,8.0,0.0,0.0,0.0,44.0,164.0,8.0,2.0,0.0,0.0,0.0
163090,7083,0.0,0.0,0.0,0.0,0.0,0.0,0.0,0.0,0.0,0.0,26.0,4.0,0.0,0.0,0.0,0.0,0.0,0.0,0.0,0.0,0.0,0.0,0.0,22.0,0.0,0.0,0.0,0.0,5.0,0.0,0.0,0.0,0.0,0.0,0.0,0.0,0.0,76.0,0.0,1.0,29.0,0.0,0.0,0.0,37.0,34.0,3.0,3.0,0.0,0.0,0.0
163330,7093,12.0,20.0,0.0,0.0,0.0,0.0,0.0,0.0,0.0,0.0,0.0,0.0,0.0,43.0,0.0,0.0,0.0,102.0,85.0,0.0,0.0,5.0,0.0,0.0,88.0,0.0,0.0,3.0,0.0,0.0,0.0,0.0,154.0,7.0,0.0,9.0,76.0,0.0,0.0,0.0,0.0,0.0,66.0,0.0,0.0,0.0,0.0,0.0,73.0,0.0,0.0
164073,7110,6.0,4.0,0.0,159.0,0.0,0.0,261.0,0.0,78.0,0.0,0.0,0.0,0.0,0.0,0.0,0.0,0.0,424.0,0.0,0.0,0.0,13.0,0.0,0.0,13.0,0.0,0.0,10.0,0.0,0.0,0.0,0.0,67.0,1.0,0.0,6.0,91.0,0.0,0.0,0.0,0.0,0.0,119.0,0.0,0.0,0.0,0.0,0.0,0.0,0.0,0.0
165325,7174,0.0,0.0,0.0,0.0,0.0,0.0,0.0,0.0,0.0,0.0,41.0,2.0,0.0,0.0,0.0,0.0,0.0,0.0,0.0,0.0,0.0,0.0,0.0,43.0,0.0,0.0,0.0,0.0,1.0,0.0,0.0,0.0,0.0,0.0,0.0,0.0,0.0,0.0,0.0,0.0,43.0,0.0,0.0,0.0,0.0,35.0,0.0,0.0,0.0,0.0,1.0
165490,7179,0.0,0.0,0.0,0.0,0.0,0.0,0.0,0.0,0.0,0.0,104.0,0.0,0.0,0.0,0.0,0.0,0.0,0.0,0.0,0.0,4.0,0.0,0.0,180.0,0.0,0.0,0.0,0.0,0.0,0.0,0.0,0.0,0.0,0.0,0.0,0.0,0.0,0.0,0.0,4.0,142.0,0.0,0.0,0.0,0.0,54.0,0.0,0.0,0.0,0.0,1.0
165978,7181,9.0,24.0,0.0,209.0,0.0,0.0,79.0,0.0,141.0,0.0,0.0,0.0,0.0,153.0,0.0,0.0,70.0,0.0,0.0,0.0,0.0,21.0,0.0,0.0,136.0,0.0,0.0,19.0,0.0,0.0,0.0,0.0,124.0,11.0,0.0,7.0,0.0,0.0,0.0,0.0,0.0,0.0,0.0,0.0,0.0,0.0,0.0,0.0,120.0,0.0,0.0
167101,7225,0.0,0.0,0.0,0.0,0.0,0.0,0.0,0.0,0.0,66.0,29.0,1.0,0.0,0.0,0.0,0.0,0.0,0.0,0.0,0.0,1.0,0.0,0.0,37.0,0.0,0.0,0.0,0.0,1.0,0.0,0.0,0.0,0.0,0.0,0.0,0.0,0.0,46.0,0.0,0.0,28.0,0.0,0.0,0.0,46.0,43.0,0.0,0.0,0.0,0.0,0.0
167399,7233,0.0,0.0,0.0,0.0,0.0,0.0,0.0,0.0,0.0,0.0,0.0,5.0,0.0,0.0,0.0,0.0,0.0,0.0,0.0,0.0,4.0,0.0,0.0,124.0,0.0,0.0,0.0,0.0,7.0,0.0,92.0,0.0,0.0,0.0,0.0,0.0,0.0,132.0,0.0,12.0,155.0,0.0,0.0,0.0,127.0,54.0,0.0,2.0,0.0,0.0,0.0
168113,7267,0.0,0.0,0.0,0.0,0.0,0.0,0.0,0.0,0.0,0.0,28.0,9.0,0.0,0.0,0.0,0.0,0.0,0.0,0.0,0.0,0.0,0.0,0.0,120.0,0.0,0.0,0.0,0.0,14.0,0.0,66.0,0.0,0.0,0.0,0.0,0.0,0.0,89.0,0.0,1.0,0.0,0.0,0.0,0.0,0.0,162.0,1.0,0.0,0.0,0.0,0.0
168603,7288,0.0,0.0,0.0,0.0,0.0,0.0,0.0,0.0,0.0,0.0,0.0,4.0,0.0,0.0,0.0,0.0,0.0,0.0,0.0,0.0,0.0,0.0,0.0,0.0,0.0,0.0,0.0,0.0,0.0,0.0,78.0,0.0,0.0,0.0,0.0,0.0,0.0,0.0,0.0,0.0,0.0,0.0,0.0,0.0,0.0,22.0,0.0,0.0,0.0,0.0,0.0
168707,7289,0.0,0.0,0.0,0.0,0.0,0.0,0.0,0.0,0.0,0.0,0.0,0.0,0.0,0.0,0.0,0.0,0.0,0.0,0.0,0.0,0.0,0.0,0.0,57.0,0.0,0.0,0.0,0.0,1.0,0.0,38.0,0.0,0.0,0.0,0.0,0.0,0.0,72.0,0.0,0.0,83.0,0.0,0.0,0.0,83.0,16.0,9.0,5.0,0.0,0.0,0.0
169071,7294,14.0,24.0,0.0,130.0,0.0,0.0,85.0,0.0,0.0,0.0,0.0,0.0,0.0,130.0,0.0,0.0,244.0,31.0,146.0,0.0,0.0,12.0,0.0,0.0,48.0,0.0,0.0,27.0,0.0,0.0,0.0,0.0,96.0,12.0,0.0,14.0,0.0,0.0,0.0,0.0,0.0,0.0,135.0,0.0,0.0,0.0,0.0,0.0,130.0,0.0,0.0
170349,7308,0.0,0.0,0.0,0.0,0.0,0.0,0.0,0.0,0.0,0.0,0.0,0.0,0.0,0.0,0.0,0.0,0.0,0.0,0.0,0.0,1.0,0.0,0.0,6.0,0.0,0.0,0.0,0.0,4.0,0.0,0.0,0.0,0.0,0.0,0.0,0.0,0.0,85.0,0.0,9.0,109.0,0.0,0.0,0.0,23.0,0.0,4.0,0.0,0.0,0.0,0.0
170590,7355,0.0,0.0,0.0,0.0,0.0,0.0,0.0,0.0,0.0,69.0,0.0,14.0,0.0,0.0,0.0,0.0,0.0,0.0,0.0,0.0,11.0,0.0,0.0,0.0,0.0,0.0,0.0,0.0,4.0,0.0,0.0,0.0,0.0,0.0,0.0,0.0,0.0,121.0,0.0,16.0,180.0,0.0,0.0,0.0,126.0,0.0,0.0,0.0,0.0,0.0,0.0
171131,7369,7.0,31.0,0.0,0.0,0.0,0.0,122.0,0.0,230.0,0.0,0.0,0.0,0.0,370.0,0.0,0.0,204.0,0.0,0.0,0.0,0.0,25.0,0.0,0.0,195.0,0.0,0.0,13.0,0.0,0.0,0.0,0.0,118.0,33.0,0.0,0.0,0.0,0.0,0.0,0.0,0.0,0.0,152.0,0.0,0.0,0.0,0.0,0.0,232.0,0.0,0.0
172863,7457,21.0,12.0,0.0,18.0,0.0,0.0,0.0,0.0,0.0,0.0,0.0,0.0,0.0,38.0,0.0,0.0,0.0,131.0,20.0,0.0,0.0,9.0,0.0,0.0,108.0,0.0,0.0,9.0,0.0,0.0,0.0,0.0,0.0,8.0,0.0,3.0,0.0,0.0,0.0,0.0,0.0,0.0,128.0,0.0,0.0,0.0,0.0,0.0,23.0,0.0,0.0
173391,7511,19.0,25.0,0.0,0.0,0.0,0.0,39.0,0.0,122.0,0.0,0.0,0.0,0.0,0.0,0.0,0.0,144.0,0.0,214.0,0.0,0.0,5.0,0.0,0.0,182.0,0.0,0.0,3.0,0.0,0.0,0.0,0.0,0.0,0.0,0.0,5.0,0.0,0.0,0.0,0.0,0.0,0.0,100.0,0.0,0.0,0.0,0.0,0.0,168.0,0.0,0.0
174417,7629,1.0,5.0,0.0,0.0,0.0,0.0,0.0,0.0,0.0,0.0,0.0,0.0,0.0,0.0,0.0,0.0,0.0,0.0,0.0,0.0,0.0,0.0,0.0,0.0,31.0,0.0,0.0,0.0,0.0,0.0,0.0,0.0,0.0,0.0,0.0,0.0,0.0,0.0,0.0,0.0,0.0,0.0,0.0,0.0,0.0,0.0,0.0,0.0,41.0,0.0,0.0
174495,7676,2.0,20.0,0.0,0.0,0.0,2.0,120.0,0.0,161.0,0.0,0.0,0.0,0.0,95.0,0.0,0.0,0.0,281.0,235.0,0.0,0.0,10.0,0.0,0.0,148.0,0.0,0.0,13.0,0.0,0.0,0.0,0.0,122.0,8.0,0.0,21.0,199.0,0.0,0.0,0.0,0.0,0.0,133.0,0.0,0.0,0.0,0.0,0.0,89.0,0.0,0.0
176154,7680,17.0,15.0,0.0,0.0,0.0,0.0,0.0,0.0,0.0,0.0,0.0,0.0,0.0,21.0,0.0,0.0,0.0,60.0,25.0,0.0,0.0,4.0,0.0,0.0,69.0,0.0,0.0,2.0,0.0,0.0,0.0,0.0,63.0,23.0,0.0,5.0,42.0,0.0,0.0,0.0,0.0,0.0,33.0,0.0,0.0,0.0,0.0,0.0,33.0,0.0,0.0
176566,7717,3.0,3.0,0.0,0.0,0.0,0.0,91.0,0.0,54.0,0.0,0.0,0.0,0.0,86.0,0.0,0.0,0.0,75.0,58.0,0.0,0.0,16.0,0.0,0.0,62.0,0.0,0.0,8.0,0.0,0.0,0.0,0.0,47.0,32.0,0.0,8.0,53.0,0.0,0.0,0.0,0.0,0.0,229.0,0.0,0.0,0.0,0.0,0.0,154.0,0.0,0.0
177545,7782,0.0,29.0,0.0,0.0,0.0,0.0,25.0,0.0,139.0,0.0,0.0,0.0,0.0,39.0,0.0,0.0,20.0,0.0,49.0,0.0,0.0,0.0,0.0,0.0,43.0,0.0,0.0,4.0,0.0,0.0,0.0,0.0,29.0,7.0,0.0,6.0,0.0,0.0,0.0,0.0,0.0,0.0,0.0,0.0,0.0,0.0,0.0,0.0,25.0,0.0,0.0
